obj_ID,alpha,delta,u,g,r,i,z,field_ID,class,fiber_ID
1.23766E+18,135.6891066,32.49463184,23.87882,22.2753,20.39501,19.16573,18.79371,79,GALAXY,171
1.23766E+18,144.8261006,31.27418489,24.77759,22.83188,22.58444,21.16812,21.61427,119,GALAXY,427
1.23766E+18,142.1887896,35.58244418,25.26307,22.66389,20.60976,19.34857,18.94827,120,GALAXY,299
1.23766E+18,338.7410378,-0.402827575,22.13682,23.77656,21.61162,20.50454,19.2501,214,GALAXY,775
1.23768E+18,345.2825932,21.1838656,19.43718,17.58028,16.49747,15.97711,15.54461,137,GALAXY,842
1.23768E+18,340.9951205,20.58947628,23.48827,23.33776,21.32195,20.25615,19.54544,110,QSO,741
1.23768E+18,23.23492643,11.41818762,21.46973,21.17624,20.92829,20.60826,20.42573,462,QSO,113
1.23768E+18,5.433176037,12.06518599,22.24979,22.02172,20.34126,19.48794,18.84999,346,GALAXY,15
1.23766E+18,200.2904754,47.19940232,24.40286,22.35669,20.61032,19.4649,18.95852,108,GALAXY,719
1.23767E+18,39.1496906,28.10284161,21.74669,20.03493,19.17553,18.81823,18.65422,122,STAR,232
1.23768E+18,328.0920762,18.22031048,25.77163,22.52042,20.63884,19.78071,19.05765,27,GALAXY,525
1.23766E+18,243.9866375,25.73828043,23.76761,23.79969,20.98318,19.80745,19.45579,112,GALAXY,855
1.23768E+18,345.8018744,32.67286785,23.17274,20.14496,19.41948,19.22034,18.89359,38,STAR,574
1.23768E+18,331.50203,10.03580205,20.8294,18.75091,17.51118,17.01631,16.62772,123,GALAXY,200
1.23766E+18,344.9847703,-0.352615781,23.20911,22.79291,22.08589,21.86282,21.8512,255,GALAXY,796
1.23766E+18,244.8245231,25.15456399,24.8868,22.13311,20.44728,19.49171,18.9747,118,GALAXY,23
1.23768E+18,353.2015224,3.080795936,24.5489,21.44267,20.95315,20.7936,20.48442,284,STAR,178
1.23768E+18,1.494388639,3.29174633,20.38562,20.40514,20.29996,20.05918,19.89044,339,QSO,295
1.23768E+18,14.38313522,3.214326196,21.82154,20.5573,19.94918,19.76057,19.55514,425,STAR,258
1.23765E+18,167.1316688,67.33993563,20.48292,18.67807,17.6168,17.11936,16.73351,124,GALAXY,613
1.23765E+18,171.9754246,67.74745014,22.13367,20.84772,18.96537,18.31696,17.98124,136,GALAXY,572
1.23766E+18,144.7852927,46.82649568,24.54793,22.33601,20.92259,19.87177,19.16934,28,STAR,756
1.23766E+18,145.2730374,46.96013381,25.44243,20.77028,19.6617,19.08481,18.83176,30,GALAXY,115
1.23766E+18,145.8830055,47.30048358,21.73992,21.53095,21.26763,21.36257,21.15861,33,QSO,596
1.23766E+18,241.4262672,27.22469494,18.88323,17.54229,17.01789,16.75376,16.72259,94,GALAXY,368
1.23766E+18,132.922468,4.521864697,21.2611,20.50495,18.36379,23.17828,17.96264,126,GALAXY,190
1.23766E+18,143.2880176,5.552052211,25.98497,21.31456,19.61107,18.83178,18.27728,195,GALAXY,170
1.23766E+18,140.6000381,5.265757704,25.46577,22.4065,21.43408,20.26256,19.98775,177,GALAXY,203
1.23766E+18,333.3115106,-0.376122967,20.53324,18.84066,18.05369,17.60397,17.2903,177,GALAXY,184
1.23766E+18,337.0934355,-0.31177327,20.15491,18.37295,17.31276,16.82294,16.44342,203,GALAXY,231
1.23766E+18,252.7585486,19.49352687,24.36048,20.3777,18.53392,17.84004,17.44505,180,GALAXY,199
1.23766E+18,240.2139089,27.96429085,23.08039,22.02426,20.80525,19.90149,19.37544,85,GALAXY,141
1.23767E+18,255.5748935,45.47870292,23.73066,22.82349,21.32414,19.81448,19.28439,12,GALAXY,313
1.23768E+18,20.05255573,11.49788077,21.89214,21.35124,21.18755,20.843,20.7658,441,QSO,306
1.23767E+18,144.721737,5.846847285,22.88916,21.63309,20.06106,19.13263,18.9481,198,GALAXY,375
1.23768E+18,44.92336027,3.175548751,23.8628,22.7784,20.98458,19.70143,19.24533,168,GALAXY,987
1.23765E+18,136.2630712,3.944003082,24.06677,23.00891,21.0967,20.12869,19.68312,114,GALAXY,833
1.23766E+18,140.5129827,45.40361267,20.71552,18.85877,17.72017,17.24668,16.87722,225,GALAXY,229
1.23766E+18,136.4183782,36.15267852,20.66654,22.21825,24.8026,21.43702,22.82647,138,STAR,799
1.23767E+18,121.6100097,41.92872069,22.42006,21.26692,19.40369,18.74999,18.26678,245,GALAXY,703
1.23766E+18,181.6453305,42.27399522,21.20149,19.77107,19.27176,19.04226,18.9441,158,STAR,919
1.23767E+18,146.9257842,14.88003749,25.52618,22.45513,21.82048,20.83807,20.28395,211,GALAXY,357
1.23767E+18,179.698615,33.67319762,23.27982,20.35433,18.79782,18.13757,17.74069,419,GALAXY,862
1.23768E+18,332.0871561,17.41592025,27.0971,22.56329,20.61106,19.698,19.07937,51,GALAXY,452
1.23766E+18,188.0680012,7.561201476,22.26849,21.88272,19.86473,18.81373,18.06582,155,GALAXY,183
1.23767E+18,344.7698884,26.92854864,22.33744,20.02736,19.2826,19.04074,18.90521,69,STAR,344
1.23768E+18,40.79574267,3.564368114,22.79262,22.29579,22.23841,21.55672,21.01273,261,GALAXY,748
1.23767E+18,228.4477283,12.74503193,22.36261,21.7106,21.5963,21.60179,21.12727,125,QSO,320
1.23768E+18,345.221147,2.593461754,21.90143,21.79169,21.44344,21.25545,21.07686,231,QSO,340
1.23766E+18,129.6280955,29.05905655,24.91692,21.27143,19.59078,18.90489,18.49419,37,GALAXY,113
1.23766E+18,129.1990205,28.70175406,23.01294,20.46514,18.83662,18.16925,17.73204,34,GALAXY,144
1.23767E+18,168.7266013,27.6809253,21.65936,21.73216,21.61713,21.60229,21.24192,385,QSO,220
1.23766E+18,341.3918991,-0.3176731,22.92673,23.03158,22.75313,21.40591,20.70943,231,GALAXY,206
1.23768E+18,355.1751317,11.84861064,22.7706,22.25927,20.1723,19.13553,18.60195,279,GALAXY,797
1.23768E+18,5.016618104,11.95733598,22.29616,20.17357,18.60767,17.99611,17.59206,343,GALAXY,668
1.23766E+18,117.8254525,28.94828104,21.78552,21.67436,21.9174,20.55012,19.68962,63,GALAXY,533
1.23765E+18,7.295167962,15.2714948,22.72659,22.31748,20.5118,19.45051,18.86085,198,GALAXY,711
1.23766E+18,242.0735629,30.73984433,20.75533,18.52615,17.34166,16.82644,16.42062,109,GALAXY,328
1.23766E+18,238.4858024,33.12477863,25.519,22.20538,20.10958,19.10345,18.64843,83,GALAXY,767
1.23766E+18,246.4388755,27.73664265,24.82672,21.61567,19.70549,18.88857,18.48836,141,GALAXY,464
1.23766E+18,230.2132666,33.3020821,22.83827,19.99337,18.49053,17.86074,17.50969,17,GALAXY,630
1.23766E+18,252.6546525,19.73278903,25.19646,21.77507,20.79209,19.86567,19.89753,179,GALAXY,223
1.23766E+18,240.664803,27.58654467,19.1855,18.02785,17.46046,17.14015,16.97431,89,GALAXY,504
1.23766E+18,192.3450646,37.43512023,22.14838,20.87264,19.02323,18.41182,18.33893,55,GALAXY,255
1.23766E+18,241.4373201,27.18005059,25.1444,22.24196,20.59213,19.56918,19.08057,94,GALAXY,775
1.23766E+18,254.3532997,18.29647358,20.64171,18.761,17.38466,16.83926,16.41518,193,GALAXY,167
1.23766E+18,229.6086882,33.50265484,19.6081,18.12493,17.494,17.12954,16.9521,14,GALAXY,510
1.23766E+18,252.4109335,19.75733601,22.08841,19.65585,18.15532,17.59347,17.20853,177,GALAXY,266
1.23766E+18,236.8022966,29.80142598,25.9803,21.89943,20.07695,19.12181,18.63752,62,GALAXY,687
1.23768E+18,338.6601797,20.30826281,22.74328,22.04119,21.13037,19.93169,19.81143,95,GALAXY,425
1.23768E+18,332.7613218,19.25864004,22.11101,19.30047,17.9669,17.3835,16.94589,57,GALAXY,28
1.23766E+18,178.5046159,54.3791571,21.77434,21.65529,21.77547,21.72382,21.66425,177,QSO,667
1.23766E+18,144.742439,46.96719089,20.87676,20.61914,20.55744,20.54716,20.15146,28,QSO,745
1.23766E+18,124.2315837,3.643403828,18.75124,17.35669,16.6507,16.25624,16.03383,67,GALAXY,177
1.23768E+18,11.0594434,11.93530448,20.53318,20.37871,20.16658,20.12587,20.13796,382,QSO,324
1.23768E+18,12.22289416,11.86715114,22.864,20.99637,20.77479,20.60149,20.42078,390,STAR,882
1.23766E+18,338.518632,-0.370661907,24.3689,24.89395,23.60455,22.12098,22.23246,212,GALAXY,519
1.23768E+18,357.1515193,-8.043402272,23.96082,20.7098,19.48951,18.539,17.99627,301,GALAXY,483
1.23766E+18,64.87562501,28.13092251,23.78648,22.61023,19.79689,18.18796,17.0124,47,STAR,440
1.23766E+18,121.1812474,32.19427429,24.59952,21.29358,19.79466,18.96994,18.36362,92,GALAXY,267
1.23767E+18,343.4616775,24.3003694,22.70525,22.38366,22.10573,22.19179,21.8687,265,QSO,10
1.23767E+18,136.5016923,0.981632054,25.72517,22.3239,20.83764,19.82272,19.33796,134,GALAXY,368
1.23766E+18,184.914328,42.41347853,25.10932,23.02978,21.6433,20.57167,19.76941,175,STAR,912
1.23766E+18,187.9734249,42.28881555,23.33354,22.08951,21.85797,22.16238,22.55171,190,QSO,886
1.23767E+18,131.9277691,11.69047929,23.13947,21.44235,20.37401,19.22886,18.55112,111,GALAXY,915
1.23766E+18,206.4610082,7.427089641,20.16308,19.48441,19.33299,19.2896,19.08112,276,QSO,821
1.23767E+18,197.5291513,33.15670811,21.25551,21.1894,20.11088,19.40883,19.03537,518,GALAXY,997
1.23766E+18,132.8301979,44.72715755,20.49408,20.2065,20.22691,20.19625,19.82982,187,QSO,754
1.23766E+18,153.4476487,56.05904188,22.21266,20.47113,18.82083,18.18008,17.76504,223,GALAXY,410
1.23767E+18,271.620557,24.81033417,22.25522,20.6308,19.96252,19.69811,19.4611,149,STAR,442
1.23767E+18,160.0565729,23.00492179,20.64593,19.19186,18.71879,18.54982,18.57035,310,GALAXY,142
1.23767E+18,125.5937528,13.47743121,24.80904,24.19171,22.57484,19.67837,17.97654,83,STAR,496
1.23766E+18,191.9743154,7.448371765,26.30048,22.7609,20.80001,19.7631,19.23547,181,GALAXY,785
1.23766E+18,173.3195491,35.88475051,24.42061,20.62309,18.91562,18.34712,18.0602,108,GALAXY,280
1.23765E+18,2.170252439,16.11295854,23.59629,22.13309,20.78996,19.82567,19.41473,316,GALAXY,613
1.23767E+18,348.3358147,25.68558112,23.93912,22.92743,21.78178,20.69582,19.83773,437,GALAXY,35
1.23767E+18,42.04851482,32.46601939,21.8015,18.61152,17.18664,16.54847,16.14959,155,STAR,173
1.23766E+18,169.4172365,7.719849854,25.08139,22.03635,21.83119,21.71758,21.24758,31,STAR,422
1.23766E+18,243.4989084,4.309791542,21.23949,20.39086,20.35097,20.25421,19.90627,222,QSO,940
1.23768E+18,44.37408879,3.017933102,25.76758,22.40062,20.49454,19.55738,19.04092,164,GALAXY,889
1.23768E+18,20.78260526,-6.876952044,22.40024,22.38897,20.59912,19.78579,19.13067,107,GALAXY,653
1.23765E+18,150.8800311,4.873686683,22.33767,21.74014,20.67626,19.84993,19.52213,212,GALAXY,775
1.23766E+18,132.8208583,30.87319979,23.83978,22.87262,20.98026,19.61335,18.91918,59,GALAXY,63
1.23766E+18,140.5503268,34.90216421,21.66945,19.51412,18.1168,17.60705,17.25109,110,GALAXY,206
1.23766E+18,145.198313,31.36179329,25.01055,25.68188,22.08467,20.87707,19.95657,121,GALAXY,603
1.23766E+18,141.9489511,35.6620647,22.83775,22.53633,21.14728,20.04436,19.34116,119,GALAXY,721
1.23766E+18,140.6792636,35.04811027,21.29609,19.22355,17.69948,17.08743,16.75041,111,GALAXY,676
1.23768E+18,11.17152657,12.00731689,20.22819,20.18983,19.53547,19.50299,19.35294,383,QSO,282
1.23768E+18,19.03452108,11.65873797,21.27749,20.74533,20.38233,20.25976,19.89784,435,QSO,842
1.23766E+18,239.3319454,28.58180886,17.95408,16.60142,15.99984,15.61901,15.42194,78,GALAXY,505
1.23768E+18,8.348878998,11.94139807,24.67206,22.2909,20.96209,19.79067,19.14412,365,GALAXY,957
1.23768E+18,22.74684115,11.34387918,24.91774,20.74357,18.8595,18.18621,17.75864,459,GALAXY,344
1.23766E+18,204.0055161,46.75826518,21.48696,19.95936,19.76283,18.92081,19.5129,125,GALAXY,271
1.23766E+18,9.913195377,-1.112548439,23.19134,22.69088,21.71342,21.21746,21.42393,182,GALAXY,876
1.23766E+18,333.1101136,-0.41561229,23.68024,22.93109,22.38346,21.54711,21.80262,176,GALAXY,202
1.23765E+18,185.3537258,-2.58133748,20.71064,20.22823,19.8522,19.59367,19.34152,217,QSO,96
1.23765E+18,161.751689,-2.308345565,24.64835,22.00048,21.63793,21.72727,22.06267,59,QSO,316
1.24E+18,253.5217439,19.05752435,21.94553,21.44538,19.54981,18.87251,18.44153,186,GALAXY,50
1.23768E+18,341.9767943,10.93485171,21.26236,20.68755,20.53071,20.42182,20.13542,192,QSO,202
1.23766E+18,182.9413692,54.44562608,22.25055,20.72246,20.20829,19.9893,19.95151,195,STAR,449
1.24E+18,332.4965618,19.15757811,25.10085,22.3726,20.71808,19.5564,18.878,55,GALAXY,623
1.23766E+18,343.7625683,-0.296242798,22.65379,22.52258,21.95554,21.85023,21.03508,247,QSO,564
1.23768E+18,27.9236364,11.04438829,24.70554,22.40585,20.81726,19.85176,19.57173,493,GALAXY,215
1.23767E+18,267.6272771,25.41078112,21.8857,20.22803,19.60719,19.38448,19.24491,125,STAR,600
1.23766E+18,129.669106,39.08014163,22.75972,22.33138,20.81303,19.78445,19.16647,157,GALAXY,169
1.23767E+18,335.5467392,22.4328896,24.52573,24.56507,21.85904,20.6003,19.56432,55,GALAXY,149
1.23767E+18,335.5081821,22.47769393,22.79176,22.59233,21.50218,20.39903,19.68608,55,GALAXY,193
1.23767E+18,159.7712179,22.90220673,18.18608,18.04931,17.75193,17.73256,17.78253,308,QSO,562
1.23767E+18,161.1843151,23.1394412,19.2641,17.77944,17.10706,16.82521,16.66497,317,STAR,388
1.23765E+18,1.731275974,16.08166307,23.03303,21.09544,19.1943,18.51469,18.01897,314,GALAXY,979
1.23766E+18,339.6094457,-0.401523854,21.71327,19.96071,18.68786,18.17053,17.76778,220,GALAXY,180
1.23766E+18,333.3540846,-0.320424236,20.32781,19.06632,18.47048,18.13985,17.89553,178,GALAXY,185
1.23768E+18,348.9491566,-1.880417751,24.43789,22.70037,21.57567,20.50386,19.82821,145,GALAXY,207
1.23767E+18,155.3825322,24.20731664,19.28256,17.57086,16.79196,16.39657,16.09448,302,GALAXY,594
1.23767E+18,157.9167669,24.75035887,18.6783,18.56849,18.28917,18.21018,17.68076,318,QSO,758
1.23765E+18,233.5470394,57.86139907,21.55951,19.98315,18.36173,17.77722,17.37204,326,GALAXY,150
1.23765E+18,218.4943595,3.672961844,27.10127,21.44564,19.76561,18.72035,18.13984,244,GALAXY,259
1.23765E+18,219.4043344,3.629358574,22.53234,21.49669,19.64375,18.98023,18.57421,250,GALAXY,486
1.23765E+18,8.497824975,15.34199651,23.2733,22.18751,20.6321,19.74818,19.26084,205,GALAXY,959
1.23765E+18,12.27911585,15.17629618,23.66623,21.46025,19.74733,18.76491,18.23895,230,GALAXY,622
1.23768E+18,40.12550638,3.504013406,23.04723,22.91427,22.99111,22.17126,21.21337,256,GALAXY,584
1.23766E+18,173.9845106,53.8740478,21.96245,19.88753,18.29062,17.68828,17.34309,159,GALAXY,51
1.23767E+18,171.7118263,20.49908446,18.92981,17.81624,17.39396,17.10856,16.93358,84,GALAXY,410
1.23768E+18,13.18660771,11.75612291,22.87967,21.90276,22.01376,21.87333,21.08294,396,QSO,282
1.23766E+18,253.2321808,20.18198182,21.94906,19.48184,18.09411,16.86405,16.20561,180,STAR,485
1.23765E+18,146.439282,2.237543307,23.64582,22.5292,21.11902,19.68053,19.12656,159,GALAXY,493
1.23765E+18,154.9992571,2.519429043,19.75519,18.16221,17.35794,16.94063,16.70611,216,GALAXY,481
1.23766E+18,129.5777165,29.04539998,25.40071,21.92014,19.56422,18.92485,18.5644,37,GALAXY,800
1.23766E+18,135.6885486,32.36543236,19.77462,18.29778,17.87563,17.65845,17.66204,78,GALAXY,628
1.23767E+18,169.863745,27.79838512,24.98477,21.998,20.30022,18.3646,17.31518,392,STAR,376
1.23765E+18,216.7386149,3.708190502,26.25848,21.962,20.22898,19.7197,19.31304,232,GALAXY,22
1.23765E+18,222.879539,3.359325321,20.54891,18.77037,17.51467,17.01419,16.62887,273,GALAXY,230
1.23765E+18,6.291804013,15.29240195,24.36881,22.74608,20.75183,19.90575,19.35456,191,GALAXY,943
1.24E+18,263.0604632,34.13579959,17.84751,16.52499,15.95014,15.68786,15.5457,76,STAR,445
1.23766E+18,244.9043201,24.95609665,24.38507,21.25443,19.49255,18.78668,18.41773,120,GALAXY,4
1.23768E+18,338.7927186,20.33371814,25.72364,23.03721,21.04014,19.72521,18.91054,96,GALAXY,645
1.23766E+18,181.4076355,54.4684317,20.63578,20.41439,20.31782,20.00517,19.82034,189,QSO,166
1.23766E+18,144.8116911,46.92047672,24.45142,21.51859,20.46167,19.93067,19.51852,28,STAR,755
1.23768E+18,344.1731191,19.13264576,23.33889,21.98714,20.46255,19.46317,18.94339,128,GALAXY,931
1.23768E+18,344.7363945,19.21243647,25.25439,22.75798,21.25602,20.01969,19.5348,132,GALAXY,557
1.23768E+18,345.4177658,19.3134168,27.15929,22.70051,21.00303,19.87887,19.46968,136,GALAXY,679
1.23765E+18,2.172225938,16.19665602,21.5802,20.57191,20.3905,20.20049,20.35182,316,QSO,578
1.23765E+18,167.6970195,-2.448301392,22.45479,21.62992,21.44386,21.35073,20.83829,99,STAR,70
1.23768E+18,338.7670717,20.22490516,22.55764,23.12675,21.87608,20.6733,19.82829,95,GALAXY,329
1.23768E+18,29.98416518,10.84376415,19.15626,17.8138,16.79765,16.2748,15.88608,506,QSO,123
1.23766E+18,137.2969378,43.66577476,22.79371,22.47182,21.2807,20.13826,19.31719,206,GALAXY,37
1.23766E+18,116.562614,27.52112922,19.75681,18.48689,17.47693,16.9563,16.61813,51,GALAXY,193
1.23766E+18,136.7230978,43.4895958,19.39632,17.27617,16.17484,15.65449,15.20023,203,GALAXY,531
1.23766E+18,119.125577,30.24383019,25.62371,22.70023,21.12361,19.93859,19.25019,74,GALAXY,159
1.23766E+18,139.0216404,10.84679253,22.92909,22.60838,20.95995,19.55458,18.62085,147,STAR,39
1.23768E+18,6.92376243,-7.171385604,27.36843,22.43094,20.83237,19.63248,18.86167,15,GALAXY,855
1.23768E+18,7.422320376,-7.092414458,21.7794,20.64518,18.97875,18.36097,17.95331,18,GALAXY,608
1.23768E+18,353.0493562,2.058503831,22.59323,22.02358,21.86487,21.92594,22.55944,283,QSO,440
1.23766E+18,207.9757918,7.515927906,18.98802,17.92512,17.56229,17.41123,17.41349,286,STAR,458
1.23767E+18,164.1158186,23.56505075,20.67499,19.86842,19.77686,19.74236,19.43085,335,QSO,382
1.23766E+18,116.0958893,30.45661151,20.16698,20.08098,20.14427,19.85855,19.66567,57,QSO,69
1.23768E+18,336.9000742,18.1343554,21.83943,21.77629,20.60705,19.80544,19.55602,82,GALAXY,243
1.23765E+18,1.450489567,16.18984861,20.56053,18.51112,17.4491,16.99342,16.61498,312,GALAXY,445
1.23768E+18,0.897616927,-8.05245344,24.55362,21.62312,20.58913,19.78403,19.89672,326,GALAXY,373
1.23768E+18,346.5385253,-1.831567186,22.54264,21.88185,20.5309,19.73092,19.27667,129,GALAXY,646
1.23768E+18,347.3297384,-1.753196014,22.57449,22.28132,20.28931,19.36939,18.81012,135,GALAXY,849
1.23766E+18,184.9315004,7.664289815,20.18216,18.35232,17.27345,16.83153,16.47283,134,GALAXY,319
1.23766E+18,198.6633483,7.316756481,25.32373,22.30239,20.49459,19.5481,18.78767,225,GALAXY,591
1.23768E+18,336.8458991,19.98816058,22.24721,19.30773,17.92509,17.39431,17.07972,83,GALAXY,366
1.23768E+18,329.5320046,18.50314166,23.20142,21.65676,20.38945,19.48816,18.9276,36,STAR,895
1.23768E+18,330.9304162,18.76884312,25.2542,22.60953,21.0792,19.95091,19.54768,45,GALAXY,333
1.23768E+18,331.0818191,18.82351478,22.64225,20.81143,19.0024,18.40315,17.95367,46,GALAXY,782
1.23768E+18,345.0282098,21.08373087,21.62115,21.34279,20.16104,18.65479,17.66638,135,STAR,363
1.23768E+18,22.82819558,11.479543,21.00585,19.00955,17.46504,16.80119,16.35259,459,GALAXY,317
1.23768E+18,316.825682,7.865024986,23.53811,23.37748,21.15316,19.82874,19.44676,25,GALAXY,617
1.23768E+18,40.49767767,3.560160934,23.20226,24.53431,23.82936,22.09652,22.75254,259,GALAXY,314
1.23767E+18,242.7101015,17.8369965,20.23238,19.24946,19.04356,18.94587,18.91817,99,STAR,599
1.23767E+18,241.056947,18.48223578,20.32845,19.4245,19.06592,18.87761,18.87157,88,STAR,364
1.23767E+18,160.7244709,25.20411955,22.75712,22.79135,22.28076,21.63456,21.83693,335,GALAXY,962
1.23766E+18,6.125301287,-1.169407719,24.20276,21.75866,20.16875,19.16595,18.59111,156,GALAXY,395
1.23766E+18,253.903288,21.64624399,22.23756,22.52513,20.68222,19.46133,18.83153,202,GALAXY,303
1.23766E+18,136.129033,32.76938051,22.93348,20.57471,18.853,18.21338,17.80852,82,GALAXY,544
1.23768E+18,341.7962244,20.75688464,22.41543,22.18979,20.56977,19.67478,19.26723,115,GALAXY,347
1.23766E+18,242.895108,26.35413005,18.45179,16.53581,15.60624,15.17542,14.84507,104,GALAXY,152
1.23766E+18,254.3174856,18.45263092,19.01066,17.92526,17.26291,16.91928,16.64811,192,GALAXY,166
1.23766E+18,238.1899641,29.17720376,20.40665,18.22079,17.13235,16.68729,16.34318,71,GALAXY,334
1.23765E+18,179.7502037,-2.673389921,20.85931,19.81905,19.72314,19.69964,19.64133,179,STAR,170
1.23765E+18,189.8541471,-2.636599144,16.58941,15.12915,14.56525,14.38807,14.31969,247,STAR,319
1.23766E+18,241.4590468,27.24533052,18.25378,16.58313,15.89249,15.52189,15.30048,94,GALAXY,593
1.23766E+18,244.7729047,25.20518652,21.64464,18.87211,17.81801,17.34803,16.99254,118,GALAXY,139
1.23768E+18,12.27257455,-8.260558093,19.3772,17.42771,16.41689,16.00279,15.66193,381,GALAXY,418
1.23766E+18,181.0716073,54.33957169,20.51585,20.24112,20.2057,19.90496,19.80293,187,QSO,402
1.23766E+18,182.7731945,54.42137895,21.52916,21.66393,21.72251,21.77715,21.13445,194,QSO,482
1.23768E+18,338.5802286,20.21664912,22.12341,21.55746,20.58542,19.85185,19.40779,94,GALAXY,433
1.23768E+18,346.5019246,12.66310264,22.28893,21.60472,21.37432,21.39408,20.87335,222,QSO,832
1.23768E+18,327.7840794,9.458564974,23.03421,21.76178,20.05691,18.89577,18.4569,98,GALAXY,487
1.23768E+18,5.24539637,12.04978632,26.19394,23.96235,21.2559,19.88415,19.21673,344,GALAXY,481
1.23766E+18,338.1475803,-0.243602104,20.14869,19.24574,18.69993,18.42369,18.31868,210,GALAXY,320
1.23766E+18,235.2159434,30.77876451,24.28438,21.98381,20.70392,19.78396,19.39429,50,GALAXY,839
1.23766E+18,251.0647535,20.79603961,18.27611,17.07667,16.60136,16.33783,16.16579,166,GALAXY,424
1.23766E+18,232.5869424,32.17321231,19.03692,17.14964,16.19931,15.74957,15.4193,33,GALAXY,40
1.23766E+18,229.2830273,33.52074333,20.41988,18.59942,17.66353,17.25764,16.90723,12,GALAXY,484
1.23768E+18,354.438295,32.19565345,19.26509,18.22012,17.82656,17.64138,17.58769,49,STAR,472
1.23766E+18,132.3677285,40.84110788,22.92736,24.14672,21.71825,20.6274,19.96332,175,GALAXY,95
1.23767E+18,343.6384881,23.7716558,23.76551,22.51311,20.61219,19.72001,19.1272,106,GALAXY,397
1.23766E+18,139.420929,44.95587529,25.42519,22.29782,20.52947,19.53461,19.04271,219,GALAXY,837
1.23766E+18,127.5910367,37.47453409,22.59955,21.02378,19.52688,18.65291,18.18871,142,GALAXY,826
1.23768E+18,329.9996234,3.726587912,22.99822,22.15485,22.08356,22.02047,22.12553,122,QSO,1000
1.23766E+18,211.9374232,48.84434965,24.46953,23.57676,21.76145,20.48442,19.83298,90,GALAXY,821
1.23768E+18,348.7029987,2.030856673,24.88311,21.48462,19.59986,19.5388,19.68916,254,QSO,803
1.23768E+18,5.558010114,-3.102494069,21.45356,20.76791,20.82399,20.85721,20.36657,354,QSO,46
1.23767E+18,165.9244452,32.33980136,22.98389,21.95733,20.58774,19.84794,19.55155,341,GALAXY,69
1.23766E+18,135.7433358,46.41029673,20.77593,19.10901,18.82173,18.6787,18.72135,204,STAR,996
1.23765E+18,249.6085305,45.77681116,20.03447,19.94801,19.77898,19.72773,19.7445,61,QSO,214
1.23767E+18,125.8853125,13.49412713,20.71819,18.03484,16.90619,16.56785,16.35909,84,STAR,462
1.23767E+18,133.1104174,16.12344683,24.74097,21.81865,21.38399,21.43681,21.35231,134,GALAXY,324
1.23768E+18,40.29111418,3.586411109,24.7618,23.50528,22.25379,21.97982,21.52896,257,GALAXY,624
1.23768E+18,24.95262562,2.378935036,23.65257,23.76629,22.90933,22.02259,21.35769,496,GALAXY,764
1.23767E+18,36.91526376,24.08637177,18.78726,17.12819,16.40216,16.11632,15.97406,92,STAR,427
1.23765E+18,217.7677579,3.643497838,25.02263,22.10707,20.36452,19.53686,19.08878,239,GALAXY,417
1.23765E+18,4.617657052,15.38650124,25.22674,22.17591,20.46942,19.55645,19.15983,180,GALAXY,621
1.23767E+18,345.3192011,26.13304773,21.30888,20.47238,20.39975,20.41795,20.13681,75,QSO,135
1.23767E+18,349.7471568,18.53768963,19.23088,17.96239,17.82065,17.78402,17.82338,133,STAR,299
1.23767E+18,66.51820543,17.12065377,19.05087,16.49607,14.96787,13.62782,12.39726,152,STAR,492
1.23766E+18,210.841126,7.310204059,21.84786,20.95987,20.85843,20.83487,20.43761,305,STAR,838
1.23768E+18,24.0073888,18.74291911,22.32961,21.89431,21.73312,21.01897,20.31232,333,QSO,64
1.23766E+18,177.892986,54.17634892,19.34375,18.07431,17.60009,17.26951,17.08463,175,GALAXY,244
1.23766E+18,162.6116843,52.22326714,19.27099,18.12522,17.67884,17.37751,17.24479,113,GALAXY,102
1.23767E+18,218.5622031,25.4253978,19.51559,18.07312,17.21544,16.7948,16.44413,226,GALAXY,159
1.23768E+18,331.9915779,18.38928499,21.51034,21.02409,21.08671,21.08473,21.71761,64,STAR,26
1.23768E+18,43.67258231,3.118984003,24.02046,20.5104,18.75779,18.09334,17.70065,160,GALAXY,718
1.23766E+18,134.2559804,31.58466408,24.69369,23.80136,21.80155,20.66028,19.84621,69,QSO,793
1.23766E+18,144.8394348,31.19624589,21.74668,22.23314,21.68136,20.96259,20.15859,118,GALAXY,392
1.23766E+18,145.1552789,31.26454196,21.97341,21.25766,21.89866,21.5234,23.10174,120,GALAXY,350
1.23766E+18,130.3277566,29.48967494,20.3372,18.24108,17.39116,16.91535,16.60453,42,GALAXY,629
1.23767E+18,169.394457,27.74662119,19.55769,19.469,19.24376,19.25563,19.37844,389,QSO,99
1.23767E+18,171.2128039,27.9994711,25.24017,22.72488,21.18456,19.22162,18.08441,400,STAR,563
1.23767E+18,173.0467607,28.11568152,19.9559,19.75046,20.15038,20.38478,20.89714,411,STAR,569
1.23768E+18,26.43282911,11.03811648,23.0005,20.61602,18.94409,18.32247,17.85413,483,GALAXY,96
1.23768E+18,340.769739,20.60637412,26.59091,21.09993,19.23971,18.57262,18.16926,108,GALAXY,483
1.23766E+18,242.1654629,26.82890873,20.14127,18.32061,17.4176,16.9338,16.60905,99,GALAXY,486
1.23768E+18,341.822557,10.89639827,22.75185,21.70168,21.49237,21.54097,21.07332,191,QSO,622
1.23768E+18,346.6500755,21.41942276,20.87844,19.43145,17.96036,17.33367,16.90774,145,GALAXY,377
1.23768E+18,329.5646293,18.51234295,21.65404,21.56676,20.70138,19.81271,19.68168,36,QSO,887
1.23767E+18,267.8727335,25.26388096,18.04481,17.11568,16.75286,16.61002,16.56301,127,STAR,40
1.23766E+18,118.1620721,29.28229906,23.07223,21.48396,20.34187,19.62424,19.09104,66,GALAXY,367
1.23767E+18,332.3230115,21.70544125,24.65833,24.68067,22.00761,20.91763,20.02226,35,GALAXY,343
1.23767E+18,345.4239245,23.96474469,26.33056,21.62988,19.9664,19.04305,18.50551,117,GALAXY,67
1.23766E+18,135.3762364,42.76832738,23.81485,22.98044,21.95543,20.54633,19.88754,195,GALAXY,325
1.23765E+18,0.724235845,16.17665938,19.54506,18.97217,18.72278,18.64299,18.69172,307,STAR,326
1.23766E+18,215.0940347,-2.431389549,19.58494,19.71145,19.2975,19.19037,19.2885,39,QSO,160
1.23766E+18,230.8610876,46.53686521,22.60694,22.7738,20.73783,19.62386,19.10189,39,GALAXY,212
1.23767E+18,120.951332,41.81994683,23.25148,22.47993,20.89256,19.90502,19.36902,242,GALAXY,993
1.23767E+18,153.3603274,15.99827398,23.35156,23.0594,22.2878,21.48384,20.90593,253,GALAXY,350
1.23767E+18,197.5909602,33.17643584,23.21531,20.82209,19.10903,18.48745,18.13422,518,GALAXY,444
1.23766E+18,131.0799197,43.50723233,24.18559,24.28872,21.95005,20.68925,19.65184,175,STAR,175
1.23766E+18,156.8166525,56.94472013,22.74399,21.17586,19.45796,18.723,18.40631,237,GALAXY,477
1.23765E+18,159.6604774,5.349954202,22.10259,21.69923,20.61117,19.75168,19.39229,270,GALAXY,587
1.23766E+18,244.558638,25.33053786,21.52871,19.26029,17.79279,17.22842,16.83219,116,GALAXY,158
1.23766E+18,231.4161767,32.72469847,22.85925,20.02035,18.46368,17.88627,17.44498,25,GALAXY,850
1.23767E+18,155.0045483,24.16787374,20.36963,18.61764,17.52842,17.06794,16.72049,300,GALAXY,156
1.23767E+18,155.2195719,24.24272092,19.82232,18.00122,17.18566,16.8113,16.56224,301,GALAXY,589
1.23768E+18,347.5654299,-1.887573593,23.33595,22.02624,21.38535,20.46042,19.83874,136,GALAXY,45
1.23768E+18,348.9732321,-1.870323557,22.62726,22.33977,22.47818,20.87365,21.29475,146,GALAXY,136
1.23767E+18,37.50434375,25.09658069,25.15959,22.10259,20.4458,18.72549,17.82163,99,STAR,209
1.23766E+18,237.540105,33.71978891,20.77034,18.79863,17.60102,17.1183,16.7616,76,GALAXY,475
1.23767E+18,228.626249,12.68317012,21.91896,21.30166,21.41958,21.15269,20.8961,127,QSO,276
1.23768E+18,357.8852821,2.724528808,21.08625,21.16819,20.86348,20.70051,20.53805,315,QSO,706
1.23766E+18,5.808392305,-1.052766662,21.85297,21.73966,20.70529,19.54745,18.90626,154,GALAXY,131
1.23766E+18,15.80591297,-1.05681497,19.9007,19.10365,18.86762,18.66237,18.71533,221,GALAXY,283
1.23768E+18,343.0680771,12.43770821,26.11718,21.95147,21.06702,21.00998,20.83483,200,STAR,596
1.23767E+18,166.0169345,16.76606087,22.56449,22.54556,20.78441,19.73407,19.42067,134,GALAXY,936
1.23766E+18,158.855497,58.09054548,25.98469,24.09011,22.3876,20.70866,19.86629,62,GALAXY,45
1.23768E+18,352.1522152,20.10192415,24.38471,21.05876,19.31031,18.6544,18.17172,132,GALAXY,820
1.23768E+18,353.4866729,20.16358382,21.97973,21.26751,19.98818,19.08841,19.42037,141,GALAXY,643
1.23768E+18,2.081037181,20.54462525,23.29982,21.54473,20.67021,19.86138,19.39727,195,GALAXY,285
1.23767E+18,152.4807359,22.01968422,19.55399,18.20431,17.75615,17.60063,17.58103,263,STAR,448
1.23765E+18,241.6234263,54.16755039,20.21895,18.22567,17.26563,16.82078,16.39092,365,GALAXY,502
1.23766E+18,151.3390875,49.40966439,23.94282,22.26192,20.45863,19.34155,18.85504,61,GALAXY,573
1.23768E+18,12.90647339,3.165370337,22.26926,22.35695,21.92761,21.65333,21.39758,415,QSO,48
1.23768E+18,10.76788382,11.94980744,22.23041,21.84103,21.02,20.74303,20.44586,380,QSO,364
1.23768E+18,11.56886472,11.84718123,23.19861,21.06898,20.75031,20.74632,20.55572,386,QSO,724
1.23766E+18,233.6638714,31.59595723,17.3051,15.40858,14.51289,14.0719,13.78283,40,GALAXY,548
1.23768E+18,346.3236975,11.3367126,22.74142,20.29404,18.51784,17.88012,17.61165,221,GALAXY,770
1.23768E+18,10.11395548,-8.177208356,19.98815,17.85162,16.7891,16.35512,15.95364,367,GALAXY,176
1.23766E+18,181.8332574,54.50006463,21.56795,21.52187,21.13519,21.17609,20.66972,190,QSO,130
1.23767E+18,125.9283254,41.46895907,25.89417,23.1729,21.45626,20.34622,20.51959,266,GALAXY,564
1.23766E+18,148.4801952,5.868383011,23.50447,22.07193,20.44423,19.61865,19.13031,229,GALAXY,485
1.23766E+18,128.7642757,4.044497207,21.98972,20.88191,19.26819,18.55082,18.23901,98,GALAXY,746
1.23766E+18,127.1969758,3.851750046,24.62157,21.45333,19.66073,18.85231,18.13633,87,GALAXY,603
1.23766E+18,129.3916924,4.197418416,25.1093,21.13836,19.8287,19.06776,18.66838,102,GALAXY,615
1.23766E+18,136.6631615,4.92316235,25.73747,21.33814,19.42252,18.48529,17.99668,151,GALAXY,120
1.23766E+18,340.0683226,-0.336132564,16.96466,16.08031,15.55332,15.16042,14.89353,223,GALAXY,114
1.23766E+18,235.8200703,30.52350071,23.1526,22.56098,20.95999,19.75838,19.00207,54,GALAXY,413
1.23766E+18,234.785777,30.92388849,20.06275,17.97889,16.7541,16.28635,15.93137,48,GALAXY,500
1.23766E+18,233.4412817,31.67567102,18.68872,16.67637,15.69528,15.268,14.91892,39,GALAXY,270
1.23766E+18,129.6314055,28.87200711,24.97202,24.41423,22.08561,21.55925,22.29758,36,GALAXY,749
1.23765E+18,187.1006367,-2.514541896,21.68158,21.17632,21.10896,20.98014,20.60027,228,QSO,256
1.23768E+18,329.6450786,18.57462453,24.4593,22.48532,20.98118,19.78359,19.39403,37,QSO,81
1.23768E+18,328.3770947,18.38453165,22.72095,23.17826,20.95014,19.6773,19.08472,29,GALAXY,657
1.23768E+18,317.7220038,8.125004974,23.23128,21.45683,19.54242,18.87535,18.45086,31,GALAXY,842
1.23766E+18,214.9224368,56.62172095,25.15787,23.76707,23.05294,21.2333,19.83673,57,GALAXY,499
1.23768E+18,21.02211028,31.56719354,19.88843,19.75998,19.65091,19.63572,19.80677,199,QSO,383
1.23768E+18,352.4763402,32.08368061,19.22127,18.89125,18.77551,18.64375,18.57708,37,QSO,340
1.23766E+18,119.622158,30.65082507,19.2069,17.57562,16.51169,16.00991,15.6378,78,GALAXY,253
1.23766E+18,132.7799387,41.15902344,23.07471,23.03132,21.29062,20.02984,19.29469,178,GALAXY,9
1.23766E+18,131.2592813,39.9209518,25.00014,22.01657,20.77574,19.84935,19.42298,167,GALAXY,517
1.23766E+18,140.3021651,45.21266285,19.27454,17.89281,17.22188,16.80159,16.54814,223,GALAXY,251
1.23768E+18,44.24712306,3.068179714,22.7732,22.71394,21.85914,21.3394,21.06839,164,GALAXY,194
1.23768E+18,44.7265667,3.113345624,22.82083,22.69738,22.17571,21.5612,21.08353,167,GALAXY,940
1.23766E+18,131.9823678,46.40428599,23.32006,21.26305,19.48546,18.71157,18.2586,114,GALAXY,964
1.23767E+18,118.180953,9.495323049,18.95101,17.49336,16.98946,16.83429,16.77429,28,STAR,415
1.23767E+18,126.8565997,13.04305812,19.79291,18.46646,17.95433,17.77887,17.73801,89,STAR,285
1.23766E+18,131.7161646,62.70512752,20.30552,19.86924,19.59601,19.32831,19.0562,196,QSO,538
1.23766E+18,131.7952121,62.6119989,21.24145,19.81859,19.46297,19.2667,19.25962,196,STAR,420
1.23765E+18,2.826430318,16.17365044,20.00457,18.62643,17.5798,17.06867,16.69294,321,GALAXY,372
1.23767E+18,167.3392706,32.52540313,23.13416,22.23646,20.66232,19.71697,19.41692,349,GALAXY,313
1.23766E+18,117.4670379,28.53683285,21.29262,22.11469,21.21139,19.75376,19.60138,59,GALAXY,75
1.23765E+18,13.65664102,15.15656924,21.79432,21.43184,20.4117,19.39751,19.60238,239,QSO,575
1.23766E+18,226.8658046,52.63741426,21.98354,21.67733,20.53368,19.68838,19.28685,110,GALAXY,765
1.23766E+18,246.2735186,27.68818981,22.31733,19.77322,18.22813,17.60012,17.20202,141,GALAXY,482
1.23768E+18,338.6799185,2.534135046,21.89082,21.45706,21.27173,21.18303,20.61029,187,QSO,213
1.23767E+18,348.2478408,21.12179841,19.03688,17.77208,17.22694,17.00828,16.90066,113,STAR,57
1.23768E+18,352.6070757,20.12433403,22.88479,23.20234,22.25354,20.75298,19.88546,135,GALAXY,887
1.23767E+18,210.7974015,27.23383245,21.85144,21.21134,20.00644,19.26682,18.75031,178,GALAXY,139
1.23765E+18,178.0560742,68.0521245,19.4133,18.33678,17.67662,17.26303,17.08852,152,GALAXY,561
1.23767E+18,47.23418626,0.732158468,20.39584,19.71195,19.50802,19.51389,19.26613,770,QSO,370
1.23768E+18,339.9403581,10.81431812,18.56529,17.64078,17.24995,17.10404,17.04696,179,STAR,711
1.23766E+18,130.9928365,29.72106576,24.25059,18.96529,17.56103,16.99354,16.63794,46,GALAXY,116
1.23766E+18,132.0914211,30.33595725,24.59292,21.43092,20.07493,18.97442,18.34488,54,STAR,928
1.23766E+18,133.9514272,31.4733525,23.62046,22.68113,23.89268,21.79831,22.54736,67,GALAXY,355
1.23766E+18,127.115773,27.33186513,24.68645,22.63096,20.90887,19.87243,19.29071,18,GALAXY,225
1.23768E+18,353.9582671,32.18366658,23.9188,20.87381,19.35272,18.81091,18.33777,46,STAR,28
1.23767E+18,338.0557631,22.82295584,24.76785,24.11772,22.03849,20.8144,19.79268,71,GALAXY,137
1.23767E+18,344.0177535,23.76246073,22.70922,20.8528,18.98933,18.31854,17.8281,108,GALAXY,318
1.23766E+18,128.713522,38.32046854,22.66286,21.82493,20.87815,19.9278,19.40707,150,GALAXY,863
1.23768E+18,356.7913071,33.92740899,22.15897,20.76554,20.66686,20.52393,20.08388,100,STAR,354
1.23768E+18,8.352585229,12.05956046,26.44692,21.89963,19.76572,19.10525,18.66872,365,GALAXY,550
1.24E+18,10.21957232,11.99542459,25.94283,22.25543,20.63024,19.58946,19.00815,377,GALAXY,945
1.23768E+18,316.8945139,7.804129015,26.83779,22.05194,20.47149,19.60169,19.04813,25,GALAXY,619
1.23766E+18,32.28962496,-1.156283409,22.90951,22.60206,21.56881,20.75868,20.75785,331,GALAXY,760
1.23766E+18,243.918745,25.59335694,22.43314,20.05962,18.29554,17.62918,17.2715,112,GALAXY,293
1.23765E+18,193.8320657,-2.533233397,20.84887,20.27891,20.21787,20.28791,19.87705,273,QSO,58
1.23768E+18,338.2832674,20.1386179,24.10556,21.54979,20.4519,19.59073,19.20694,92,STAR,573
1.23766E+18,344.1378887,-0.338069127,23.83055,22.89172,21.76476,20.94061,20.49748,250,GALAXY,984
1.23768E+18,329.321952,18.55996885,23.20872,23.66559,21.79273,20.12383,19.35745,35,GALAXY,531
1.23768E+18,351.3146791,11.59179207,27.16486,20.21205,18.55799,17.90797,17.5325,253,GALAXY,218
1.23768E+18,26.79775039,11.17946464,25.56209,21.49968,19.54955,18.92353,18.57487,485,GALAXY,448
1.23768E+18,27.92420934,10.9933576,24.39606,20.80774,19.02999,18.33486,17.79413,493,GALAXY,170
1.23766E+18,331.690805,-0.361522166,20.50751,19.46084,18.76047,18.3034,18.43876,167,GALAXY,180
1.23766E+18,242.4132119,26.76744408,18.65297,17.10257,16.31899,15.87711,15.56867,100,GALAXY,502
1.23765E+18,148.5913752,4.751633354,19.05938,17.57685,17.09509,16.75525,16.62675,197,GALAXY,576
1.23765E+18,249.9361054,45.38608319,22.73596,22.51808,22.18846,21.7672,23.99034,64,QSO,822
1.23766E+18,122.734614,39.11211548,21.4281,19.2064,17.75415,17.19814,16.80699,47,GALAXY,167
1.23766E+18,188.0850377,7.638667655,20.11526,18.25729,17.20468,16.77188,16.38529,155,GALAXY,557
1.23766E+18,191.7935075,7.463992291,20.11847,18.14779,17.17198,16.74862,16.40632,179,GALAXY,552
1.23766E+18,172.8092675,35.98916843,23.11764,21.11512,19.33245,18.65325,18.2825,106,GALAXY,14
1.23766E+18,179.5148699,36.33939143,24.21667,22.25502,20.6385,19.69814,19.10034,142,GALAXY,887
1.23766E+18,179.8589312,36.52957456,25.58833,22.70446,21.73393,20.52768,19.88303,144,GALAXY,393
1.23767E+18,154.7484594,24.0636787,22.91037,22.69157,22.11891,21.78776,21.09787,298,GALAXY,474
1.23768E+18,347.1281869,-1.862916815,22.82882,21.0374,19.41936,18.78851,18.42626,133,GALAXY,171
1.23768E+18,349.5761689,2.650846113,21.06539,21.08206,20.54379,20.67609,20.59335,260,QSO,484
1.23765E+18,14.12311387,15.14281544,19.28338,17.53712,16.7281,16.32265,16.04339,242,GALAXY,346
1.23765E+18,6.644481658,15.21359257,22.29008,20.41182,18.75838,18.18537,17.806,193,GALAXY,46
1.23765E+18,127.7107753,1.753036779,19.624,18.03556,16.98292,16.42615,16.05308,34,GALAXY,444
1.23768E+18,347.7965942,18.92028703,22.39199,21.47337,21.07907,20.81239,20.54153,104,QSO,858
1.23766E+18,227.7210371,44.08425424,17.70671,16.48556,16.03044,15.872,15.81889,201,STAR,149
1.23767E+18,240.3012216,18.96315568,21.10217,20.71082,20.44927,20.40355,20.20131,82,QSO,122
1.23768E+18,2.213091551,3.322291887,21.29851,21.04818,20.68341,20.54244,20.42633,344,QSO,136
1.23768E+18,7.425832847,3.180721243,22.76363,22.30827,22.18311,21.76735,21.58376,379,QSO,129
1.23768E+18,16.53625631,3.23664949,20.96592,20.97726,20.94626,20.64334,20.41272,440,QSO,291
1.23767E+18,218.4630024,14.6588068,24.54726,23.38116,22.05099,18.91644,17.35966,59,STAR,73
1.23765E+18,173.650657,67.8735874,18.50882,16.67776,15.88844,15.50315,15.19838,141,GALAXY,335
1.23767E+18,134.2819875,24.10479243,23.40868,24.58809,22.48084,21.74477,21.81027,148,GALAXY,492
1.23767E+18,258.7447245,42.56706303,20.25485,18.3574,17.99783,17.98551,17.71192,16,STAR,439
1.23766E+18,148.5275911,48.43632859,25.81813,22.51831,20.83332,19.78042,19.26912,48,GALAXY,261
1.23766E+18,147.4963277,54.0541557,21.15942,18.89552,17.60169,17.08837,16.74704,197,GALAXY,198
1.23766E+18,134.1487106,31.56686271,22.16146,22.99171,22.16154,20.77608,19.97378,68,GALAXY,751
1.23768E+18,341.0514358,20.65576759,23.86698,21.60108,19.80958,18.84918,18.48682,110,GALAXY,463
1.23766E+18,231.904289,32.36150133,18.12367,16.28018,15.41415,15.01561,14.70802,29,GALAXY,80
1.23768E+18,354.4642304,33.79669008,25.145,20.85361,20.0186,19.64,19.73476,87,STAR,960
1.23768E+18,335.8660388,10.40620957,19.54333,17.46419,16.29144,15.81024,15.48799,152,GALAXY,842
1.23768E+18,11.03576271,11.91987359,25.25697,24.19629,21.41078,20.15512,19.47859,382,GALAXY,327
1.23768E+18,317.6047685,8.076983919,19.57571,17.5941,16.52634,16.04977,15.63783,30,GALAXY,804
1.23768E+18,345.3090537,19.20902725,23.71107,22.39379,20.74644,19.66773,18.87466,135,GALAXY,683
1.23766E+18,341.5029093,-0.308396891,25.00198,23.11789,22.43975,21.29501,21.33819,232,QSO,842
1.23768E+18,29.02685253,10.97058965,22.22021,21.05091,19.19382,18.53996,18.07271,500,GALAXY,366
1.23768E+18,11.70155906,11.95248456,22.80719,22.08643,21.60446,21.5464,21.42094,387,STAR,163
1.23768E+18,14.27879291,11.77552273,22.56665,21.55973,21.42649,21.27302,21.04043,403,QSO,790
1.23767E+18,136.935013,1.209019422,22.28132,22.17448,20.59644,19.79961,19.24616,137,GALAXY,289
1.23766E+18,116.4999583,27.41656694,26.41319,22.15509,20.67092,19.7605,19.31909,50,STAR,327
1.23767E+18,342.9575058,23.64538213,22.19338,20.8887,19.10749,18.44308,18.10488,102,GALAXY,669
1.23765E+18,170.1629741,5.57784538,22.454,21.94839,20.24227,19.11054,18.5738,340,GALAXY,748
1.23766E+18,199.0765553,7.482948506,21.00248,19.42874,18.0421,17.50617,17.09847,228,GALAXY,710
1.23766E+18,174.2762741,7.487240097,19.59602,17.63315,16.53565,16.08111,15.69071,63,GALAXY,551
1.23766E+18,197.5947036,7.320577219,20.48247,18.55832,17.51839,17.08421,16.76022,218,GALAXY,153
1.23767E+18,164.7469432,32.11696603,22.71783,22.1595,20.52743,19.65559,19.27222,334,GALAXY,297
1.23766E+18,135.214699,46.13655477,21.67397,20.94035,20.71315,20.3842,19.87807,201,QSO,540
1.23766E+18,136.1221312,46.71246107,23.28498,21.05354,19.59221,18.60595,17.94323,207,STAR,680
1.23767E+18,148.6703216,15.2903157,23.12724,22.43365,21.73447,21.15406,20.55229,223,GALAXY,604
1.23767E+18,154.8752425,16.21198518,23.24846,22.44502,20.8376,19.81536,19.27717,263,GALAXY,343
1.23767E+18,160.7764511,23.0534298,20.43288,19.45664,19.07316,18.94541,18.95437,314,STAR,279
1.23767E+18,137.0858853,1.314577329,22.35982,21.26509,19.42787,18.74381,18.30585,138,GALAXY,904
1.23766E+18,340.0696624,-0.33628828,24.42985,18.11649,17.26259,17.71632,17.22848,223,GALAXY,313
1.23766E+18,333.3064195,-0.257726561,19.79645,18.17392,17.33331,16.88921,16.59179,177,GALAXY,230
1.23766E+18,237.3771394,29.57411598,23.78646,21.50192,19.63928,18.98367,18.56687,65,GALAXY,818
1.23766E+18,235.1465621,30.86004437,20.899,18.91558,17.67874,17.17493,16.82735,50,GALAXY,542
1.23768E+18,339.392479,20.31721849,22.6121,23.11847,22.56821,20.88755,19.98649,99,GALAXY,503
1.23767E+18,158.8995337,21.9252219,25.4663,22.31317,20.80744,18.99136,17.89926,301,STAR,51
1.23767E+18,152.006316,23.56406243,23.65132,22.16732,21.89089,21.39499,21.08428,281,GALAXY,459
1.23768E+18,40.99360109,3.583987412,22.56986,23.45326,21.75059,20.68024,19.85547,262,GALAXY,486
1.23767E+18,42.56946992,33.44735175,19.38691,17.96079,17.32889,17.07317,16.95964,162,STAR,417
1.23766E+18,156.3650467,50.91106256,20.48994,18.49736,17.19362,16.71013,16.34034,85,GALAXY,26
1.23766E+18,117.3921413,28.36067648,23.41949,22.10062,20.83376,20.03002,19.4807,58,GALAXY,103
1.23768E+18,15.86594041,30.49069566,23.37152,21.30158,19.90008,19.32057,19.011,322,GALAXY,991
1.23768E+18,330.9386933,26.50090739,23.71871,22.42347,20.64191,19.79643,19.31801,58,GALAXY,951
1.23766E+18,8.637128353,-1.127558287,24.58678,24.46593,22.82553,21.62336,22.53122,173,QSO,894
1.23766E+18,31.42925227,-1.168346635,22.97042,20.86156,19.52112,18.68268,18.18987,325,GALAXY,412
1.23766E+18,156.9982921,57.70399925,25.13461,23.40632,22.7102,21.40669,19.82787,55,QSO,281
1.23766E+18,148.5589532,48.47919266,19.63125,17.98072,17.12994,16.73799,16.45069,48,GALAXY,120
1.23766E+18,164.2795913,52.71720816,24.24,21.92323,20.11684,19.29541,18.89802,120,GALAXY,689
1.23766E+18,169.6014939,53.38231446,20.16565,18.36946,17.48145,17.09859,16.80301,142,GALAXY,143
1.23766E+18,171.7092841,59.34015916,22.08704,19.72497,18.19754,17.65555,17.29978,292,GALAXY,522
1.23766E+18,204.3248639,58.64215572,23.02883,23.36355,21.62231,20.28504,19.61435,403,GALAXY,141
1.23766E+18,189.7457265,59.93979349,20.96024,18.76216,17.58801,17.04034,16.77128,353,GALAXY,560
1.23766E+18,169.9016751,7.165635272,25.18027,22.86155,20.79616,19.79048,19.49623,372,GALAXY,925
1.23766E+18,144.855506,31.28564454,25.10174,23.06618,22.557,21.52077,20.81181,119,GALAXY,387
1.23766E+18,140.8046211,35.01573986,24.83632,23.67016,21.63371,20.54181,19.88766,112,GALAXY,9
1.23767E+18,163.2493246,26.87263956,22.56936,21.05738,21.07297,21.04822,21.10635,352,STAR,726
1.23768E+18,351.4000383,11.54897763,24.03803,21.66905,20.8673,20.09047,19.27743,254,GALAXY,167
1.23768E+18,356.2771107,11.86905691,24.83085,21.43642,19.39903,18.68086,18.27179,286,GALAXY,258
1.23768E+18,20.59393918,11.62425615,25.61548,21.39351,19.58171,18.74323,18.2565,445,GALAXY,276
1.23768E+18,329.672984,18.52048285,23.37487,21.82744,20.28831,19.44607,19.02087,37,GALAXY,559
1.23768E+18,7.759489968,11.9596717,21.7886,19.63243,18.14623,17.57222,17.14286,361,GALAXY,416
1.23768E+18,318.591788,1.958233118,23.90734,23.18632,22.83821,21.63225,21.07631,53,GALAXY,782
1.23766E+18,193.1980924,47.99669245,19.27775,17.70083,17.09348,16.69103,16.4317,75,GALAXY,388
1.23768E+18,335.3872551,19.73881578,22.27039,23.8767,21.39552,20.26774,19.49295,74,GALAXY,105
1.23768E+18,344.5191355,12.37717138,22.54692,21.53392,21.47066,20.97943,20.6388,209,QSO,214
1.23768E+18,345.3987307,12.44418158,22.4175,20.73872,20.26263,20.10572,19.97922,215,STAR,50
1.23768E+18,8.07161932,-8.200243141,20.7604,19.23718,17.82825,17.31441,16.91409,353,GALAXY,300
1.23766E+18,147.1794173,47.78008482,22.10328,21.92555,21.69067,21.98162,21.30083,40,QSO,350
1.23766E+18,127.47362,3.876962767,22.69967,21.45456,19.67879,18.87358,18.36282,89,GALAXY,756
1.23768E+18,16.19032409,11.83191166,22.7568,20.93009,20.79676,20.93128,20.34678,416,QSO,734
1.23766E+18,126.0968996,29.68084505,21.01361,20.71811,20.46232,20.40409,20.78672,66,QSO,403
1.23766E+18,65.03976872,28.0887726,19.53551,17.68273,16.71167,16.23287,15.93196,47,GALAXY,146
1.23766E+18,224.6392951,39.92890268,23.83581,23.31765,22.12361,20.71259,19.59061,234,GALAXY,317
1.23767E+18,332.4260586,21.69375461,24.51002,21.00125,19.1723,18.54622,18.1614,35,GALAXY,700
1.23766E+18,112.676211,26.52397933,19.60991,19.32998,19.19413,18.93983,18.843,24,QSO,832
1.23768E+18,350.5220278,19.74120838,22.11725,21.55086,19.95307,18.89934,18.51672,168,GALAXY,477
1.23768E+18,346.2535974,21.28440595,26.36151,23.50848,22.75484,21.07888,20.2742,143,GALAXY,883
1.23765E+18,1.597171234,16.19317849,25.31584,22.76586,20.70736,19.79495,19.1033,313,GALAXY,963
1.23766E+18,185.3332698,7.657402628,22.62137,22.41282,20.41756,19.18388,18.48777,137,GALAXY,315
1.23766E+18,198.298056,7.355357362,19.41436,17.52909,16.54816,16.11653,15.77154,222,GALAXY,392
1.23766E+18,339.9673713,-0.413464372,23.17074,23.63746,22.66252,22.52141,21.98549,222,GALAXY,522
1.23768E+18,1.055017136,-7.943564451,22.83766,20.71425,18.98909,18.35986,18.01609,327,GALAXY,334
1.23765E+18,215.0392737,3.779828833,23.92797,22.29127,20.86446,19.44682,18.90035,221,GALAXY,95
1.23768E+18,346.6395668,-1.948705757,21.81111,21.6974,20.6735,19.57033,19.19421,130,GALAXY,647
1.23767E+18,162.2760315,25.62642235,23.40639,22.94094,22.16487,21.22853,21.16895,345,GALAXY,436
1.23767E+18,117.1946223,18.21397212,24.82749,20.34323,19.12561,18.58234,18.31209,150,STAR,382
1.23768E+18,14.11009355,11.84287769,22.95447,21.0774,20.55662,20.34415,20.21814,402,QSO,732
1.23766E+18,195.1444964,37.07194102,17.43713,16.14721,15.70351,15.52282,15.44429,70,GALAXY,618
1.23768E+18,10.99872811,22.30295529,22.47388,21.70719,21.61994,21.39762,21.43673,172,STAR,996
1.23767E+18,244.4923445,62.21232485,21.13853,19.90134,19.27378,19.05746,18.99904,90,STAR,308
1.23765E+18,243.3032266,53.00432129,23.52547,22.87886,21.37714,20.35796,19.5767,375,GALAXY,555
1.23765E+18,223.3067052,61.3437407,23.69933,23.44093,20.99336,19.77139,19.5698,55,GALAXY,643
1.23765E+18,226.2002083,60.12457217,21.48309,19.09487,17.73637,17.20274,16.74036,67,GALAXY,468
1.23767E+18,176.6127657,20.8304984,19.17406,18.21252,17.6546,17.42968,17.15128,114,GALAXY,411
1.23767E+18,243.6740637,9.251630095,17.81819,17.41451,17.4757,17.40724,17.54673,228,QSO,300
1.23766E+18,159.7692054,51.71363053,23.34356,21.79336,20.11856,19.32193,18.94619,100,GALAXY,49
1.23766E+18,160.6638379,51.79272539,22.84848,21.48714,20.8385,20.58113,20.35399,104,GALAXY,928
1.23766E+18,169.4618224,53.39229232,19.75693,17.87804,16.96701,16.56668,16.23124,141,GALAXY,141
1.23766E+18,343.9859683,-0.395504231,22.79601,23.32781,22.41917,21.64272,22.47878,249,GALAXY,601
1.23766E+18,244.1013958,25.66092565,24.96328,22.8239,20.94845,19.64035,19.00968,113,GALAXY,893
1.23768E+18,2.891352509,1.480127693,22.77464,21.74609,21.85504,21.92592,20.92474,349,QSO,294
1.23768E+18,4.213670964,1.632477171,23.50841,21.80207,21.60566,21.85112,21.41851,357,QSO,30
1.23766E+18,143.4157598,36.28978629,22.46279,20.41471,18.80522,18.16691,17.71252,128,GALAXY,504
1.23766E+18,141.6389127,35.30324059,24.20955,23.44299,20.61624,19.35762,18.87873,117,GALAXY,363
1.23766E+18,339.0425509,-0.290113332,23.45107,22.68611,22.87647,21.55799,22.13728,216,GALAXY,344
1.23768E+18,19.63219345,11.53069663,26.12356,23.81821,21.9786,20.57105,19.60273,438,GALAXY,427
1.23765E+18,211.56048,4.009938638,26.06626,22.89339,21.13788,19.96379,19.64704,197,GALAXY,310
1.23765E+18,12.7489369,15.1109869,23.41424,22.07593,20.38661,19.49797,19.26351,233,GALAXY,885
1.23766E+18,198.4196843,47.533219,18.96543,17.71033,17.01655,16.63465,16.37758,99,GALAXY,366
1.23766E+18,201.2419737,47.13490337,21.77925,20.0107,18.42021,17.86638,17.45945,112,GALAXY,834
1.23766E+18,197.0852202,47.60810154,24.80751,21.31117,19.42198,18.74799,18.27614,93,GALAXY,443
1.23766E+18,207.3605006,46.07029705,21.206,19.18186,17.83653,17.31091,16.74646,141,GALAXY,242
1.23767E+18,39.92286043,29.17409876,18.83314,17.17159,16.50847,16.25446,16.11178,130,STAR,524
1.23768E+18,354.7892568,3.152426221,25.5777,23.31997,21.40303,20.36905,19.65965,295,STAR,499
1.23766E+18,342.1334137,-0.275945005,24.3683,22.53482,22.0968,21.07134,21.07618,236,GALAXY,640
1.23766E+18,232.5136511,32.07412388,19.00943,17.98547,17.64243,17.36496,17.34295,33,GALAXY,429
1.23768E+18,340.9332228,20.66612562,23.7056,21.72409,20.38836,19.72128,19.1551,109,GALAXY,797
1.23768E+18,7.677618573,32.65042125,20.67826,20.18382,20.03542,19.85044,19.61178,123,QSO,950
1.24E+18,134.7352348,42.14271668,26.10664,24.00197,21.52485,20.35486,19.57455,190,GALAXY,807
1.23767E+18,340.7164608,23.25458096,22.54503,22.80573,21.9628,20.77231,19.94183,88,GALAXY,631
1.23766E+18,126.6230494,36.57639442,19.67174,18.46115,17.77336,17.40172,17.13559,134,GALAXY,260
1.23768E+18,11.63293111,11.88320507,23.68057,20.68017,19.89845,19.48429,19.34368,386,STAR,164
1.23768E+18,11.98296153,11.81389198,19.89547,19.62021,19.29997,19.22959,19.13173,388,QSO,866
1.23766E+18,157.4583048,44.49661173,20.47094,18.60859,17.88211,17.59633,17.43945,258,STAR,433
1.23768E+18,3.963846167,-2.988126058,21.27081,21.31896,20.96941,20.95894,20.84171,343,QSO,753
1.23767E+18,346.2989194,22.25751691,17.48383,16.34096,15.82576,15.59164,15.48071,178,STAR,383
1.23766E+18,122.3337519,38.78005338,23.32836,21.60789,19.77479,18.91067,18.58121,44,GALAXY,581
1.23767E+18,267.1009625,26.41151683,21.14313,19.97246,19.35656,19.10595,18.85393,120,STAR,562
1.23766E+18,192.3212316,7.510980236,23.02254,22.01074,20.41629,19.31492,18.93669,183,GALAXY,349
1.23766E+18,175.8827017,7.408145075,19.27139,17.50709,16.59691,16.2088,15.88555,74,GALAXY,152
1.23766E+18,250.7298983,21.03763806,20.3212,18.44232,17.39133,16.84113,16.34952,164,GALAXY,58
1.23766E+18,249.2426464,22.21438172,26.00617,22.35579,20.78008,19.85566,19.34591,152,GALAXY,197
1.23768E+18,7.122556345,-7.934284398,21.50137,20.00717,18.37879,17.81149,17.42349,367,GALAXY,117
1.23767E+18,232.8504286,22.05459844,18.77781,18.60556,18.48884,18.22985,18.22707,31,QSO,422
1.23766E+18,151.1545487,49.19454732,22.30284,21.06746,19.41835,18.63383,18.12162,60,GALAXY,575
1.23767E+18,348.0889224,21.56803298,17.56954,15.64554,14.89235,14.63359,14.5082,110,STAR,151
1.23768E+18,332.156615,18.98975471,25.05691,23.42472,21.82528,20.616,19.82171,53,GALAXY,397
1.23766E+18,229.2629359,33.70738484,19.90628,17.97893,17.11652,16.71767,16.42693,11,GALAXY,492
1.23768E+18,11.65846821,11.99550839,23.60686,22.44145,20.81019,19.90243,19.30494,386,GALAXY,47
1.23768E+18,10.28382317,20.43865647,19.86134,18.21495,17.17869,16.66892,16.28145,246,GALAXY,684
1.24E+18,26.95743641,19.17051314,22.49892,23.87281,21.25685,20.05237,19.55317,351,GALAXY,439
1.24E+18,218.5224991,47.83678434,20.05213,20.06299,20.0988,19.7839,19.73375,151,QSO,146
1.23766E+18,146.0970541,47.53184289,24.66697,22.50132,20.72109,19.87993,19.28146,35,GALAXY,591
1.23766E+18,144.2899481,46.54671343,22.73998,20.02231,18.39417,17.76149,17.40267,25,GALAXY,57
1.23766E+18,147.8271085,47.99313472,22.8451,23.058,21.28909,20.49209,19.7784,43,GALAXY,275
1.23766E+18,147.9306526,48.02729788,22.18023,21.71885,20.29672,19.25496,18.67444,44,GALAXY,919
1.23766E+18,258.45783,24.0278394,24.56467,21.5502,20.29033,19.53975,19.42818,403,GALAXY,269
1.23766E+18,135.2828301,48.2782837,20.9621,18.83786,17.50851,16.89248,16.46954,133,GALAXY,587
1.23768E+18,351.6282033,19.82204428,25.16733,22.86155,21.12228,19.92016,19.33872,175,GALAXY,273
1.23768E+18,343.2814432,19.01871074,22.43317,21.55346,19.65192,18.74809,18.27797,122,GALAXY,739
1.23766E+18,219.309489,-2.434847998,19.42096,19.25484,18.99208,19.02769,18.88778,67,QSO,179
1.23766E+18,127.8718863,27.83679787,24.14066,21.65608,19.44619,18.61998,18.28227,24,GALAXY,78
1.23766E+18,127.1498864,27.32255788,21.41066,19.25123,17.86983,17.31308,16.88922,18,GALAXY,187
1.23766E+18,131.4355096,30.053035,23.37185,22.1791,20.42522,19.50096,18.99577,50,GALAXY,281
1.23766E+18,132.0168339,30.3625678,21.67611,20.76549,19.04048,18.28124,17.82307,53,GALAXY,98
1.23766E+18,134.8534441,31.9885588,24.03398,21.63045,20.0075,19.17545,18.73147,73,GALAXY,837
1.23766E+18,121.6403917,32.5046315,23.99352,22.94656,21.72903,20.532,19.71381,95,GALAXY,467
1.23766E+18,137.1873485,43.59688473,19.19234,17.658,16.77064,16.33491,16.03147,205,GALAXY,611
1.23767E+18,334.4003118,22.11461765,24.33932,21.875,20.02271,19.19226,18.60947,48,GALAXY,201
1.23766E+18,229.7478772,33.31677447,17.75985,15.81423,14.90736,14.48727,14.17983,15,GALAXY,112
1.23768E+18,359.9463159,12.01931784,22.66346,19.76641,18.30627,17.73982,17.33981,310,GALAXY,914
1.23768E+18,0.417823185,11.92581184,20.61647,18.72079,17.42674,16.89155,16.47175,313,GALAXY,462
1.23768E+18,21.18926153,11.49782234,24.45046,20.81212,18.91856,18.28078,17.94042,449,GALAXY,186
1.23766E+18,9.289211993,-1.188366138,19.22952,18.09769,17.77046,17.59021,17.48909,178,GALAXY,218
1.23768E+18,8.034590912,-8.299665908,25.58434,21.60864,19.90677,19.09178,18.65233,353,GALAXY,329
1.23766E+18,178.0314783,54.19589389,20.51873,20.20638,20.21569,19.80753,19.63807,175,QSO,595
1.23766E+18,179.8384053,54.31469998,21.88256,21.55099,21.3771,21.31117,21.31675,183,QSO,907
1.23766E+18,145.493719,47.25856198,22.59135,20.5454,19.10692,18.17493,17.64589,32,STAR,864
1.23766E+18,129.0847522,4.206386205,23.79713,22.26661,20.34293,19.4929,19.10184,100,GALAXY,827
1.23768E+18,323.4598366,8.813446338,22.58904,21.70035,20.73013,19.86282,19.44488,69,GALAXY,61
1.23766E+18,137.9954786,10.77927215,20.86609,18.9593,17.74938,17.25766,16.89068,141,GALAXY,498
1.23767E+18,123.4338381,42.14058367,18.858,17.79022,17.41329,17.10297,16.98288,254,GALAXY,154
1.23767E+18,153.1578233,15.95319171,22.89553,22.7123,22.10661,21.49924,21.18987,252,GALAXY,393
1.23766E+18,177.674242,47.51911367,26.16889,23.91788,21.94958,20.78144,19.87863,354,GALAXY,392
1.23767E+18,127.9062697,14.3604894,23.56445,21.01187,19.47783,18.56565,18.08596,99,STAR,465
1.23767E+18,190.0087576,33.74689603,22.59072,20.63957,18.82594,18.22041,17.84824,476,GALAXY,148
1.23766E+18,335.5131394,-0.311128206,25.99977,22.59749,20.90382,19.97529,19.53325,192,GALAXY,471
1.23766E+18,169.8677852,7.303328654,22.47215,21.91675,20.43345,19.49465,19.07205,34,GALAXY,334
1.23768E+18,39.73863751,3.507176141,26.03595,22.92491,22.02455,20.67198,20.66685,254,GALAXY,109
1.23768E+18,39.84830332,3.557609403,26.51218,22.49687,21.92923,22.11838,22.08313,254,QSO,105
1.23766E+18,168.6214721,53.34742246,19.49174,17.98816,17.23223,16.79241,16.52183,138,GALAXY,299
1.23766E+18,175.6704957,54.20090814,24.91118,22.10831,20.13658,18.91252,18.31168,166,GALAXY,125
1.23765E+18,9.397749476,15.21840418,26.26783,22.77534,20.95301,19.78276,19.38094,211,GALAXY,683
1.23768E+18,5.519175823,30.84226834,22.9368,24.60572,22.25064,20.89134,19.99133,262,GALAXY,393
1.23768E+18,346.5547344,-1.806541633,24.39371,22.42409,21.67752,20.79871,19.9743,129,GALAXY,245
1.23768E+18,348.3570462,-1.780626697,22.96862,21.69707,20.67831,19.64295,18.98649,141,STAR,645
1.23766E+18,233.9357646,35.80052799,23.53299,22.10877,20.28676,19.3528,18.85266,52,GALAXY,393
1.23765E+18,128.6701386,1.668570387,24.70283,22.33459,20.53897,19.52479,19.12702,40,GALAXY,291
1.24E+18,141.2377382,2.140177246,21.58138,21.20605,19.3393,18.66537,18.13347,124,GALAXY,188
1.23766E+18,172.6799257,6.707852626,21.70847,21.25675,20.30685,19.26745,18.9537,390,GALAXY,974
1.23768E+18,349.387068,21.63116725,23.05693,21.73839,21.62845,21.56287,20.94722,39,STAR,718
1.23768E+18,15.54487318,21.99728157,22.13902,21.45761,21.61663,21.56292,21.11227,201,QSO,412
1.23765E+18,179.6305004,68.05954052,22.51727,22.18239,20.25807,19.31052,18.74452,156,GALAXY,796
1.23766E+18,331.9476571,-0.267837746,24.56808,23.55933,22.95602,21.57531,22.82357,168,GALAXY,82
1.23766E+18,233.4711102,31.72476632,20.81306,18.90036,17.59827,17.08834,16.74113,39,GALAXY,228
1.23766E+18,241.041779,27.5769016,19.81429,18.49925,17.62144,17.14492,16.90829,91,GALAXY,541
1.24E+18,253.4350873,18.99966312,18.26101,16.19948,15.37064,15.04637,14.92297,186,STAR,58
1.23766E+18,145.549371,47.10487469,26.04782,22.39552,20.59328,19.50705,19.22722,32,GALAXY,573
1.23766E+18,146.8165878,47.614929,26.26923,21.67016,20.02096,19.11871,18.6615,38,GALAXY,759
1.23766E+18,153.1679301,55.87887788,24.27135,24.2255,22.49268,21.07232,19.87512,222,STAR,145
1.23768E+18,2.880406064,13.16629381,24.27044,21.69652,20.77456,20.10801,19.78918,329,QSO,332
1.23766E+18,229.6963242,33.45339969,20.47756,18.62512,17.73417,17.32958,16.97775,14,GALAXY,519
1.23766E+18,238.9871441,28.62244996,19.63504,17.73838,16.77139,16.33075,15.99251,77,GALAXY,26
1.23768E+18,349.8644466,33.39021124,22.41986,21.53756,21.08427,21.7834,20.84217,62,GALAXY,468
1.23768E+18,7.526188753,3.264429589,21.42885,21.02341,20.52487,20.59163,20.52107,380,QSO,98
1.23765E+18,176.8571939,68.12157584,20.80291,18.82817,17.53895,17.04641,16.72192,149,GALAXY,455
1.23766E+18,180.4386167,54.33666243,22.00369,21.79999,21.74243,21.71099,21.27906,185,GALAXY,474
1.23766E+18,180.9648895,54.49788011,22.33831,22.04607,22.25981,22.09889,21.21136,187,QSO,420
1.23766E+18,146.8951646,47.69325274,21.13731,20.02798,19.70991,19.6315,19.78254,39,STAR,394
1.23766E+18,337.519826,-0.309739498,20.02493,17.81603,16.81763,16.35495,15.9977,206,GALAXY,176
1.23767E+18,334.6561688,22.31811299,24.16115,21.02876,19.2947,18.64817,18.30959,50,GALAXY,170
1.23767E+18,335.1022474,22.33198761,23.97927,22.54664,20.47654,19.61266,19.14758,52,GALAXY,751
1.23766E+18,126.3041285,36.51116911,18.66021,17.51186,17.0628,16.79228,16.57501,132,GALAXY,300
1.23766E+18,135.656066,32.51330968,24.39658,22.67106,20.99865,19.92615,19.31259,79,GALAXY,165
1.23768E+18,334.8880359,19.5167662,22.58106,22.04026,20.83457,19.7384,18.9702,71,STAR,113
1.23768E+18,348.7897367,11.44691764,24.17703,22.43166,20.74827,19.92678,19.56549,237,GALAXY,852
1.23768E+18,16.37836791,11.69268117,25.42744,21.8004,20.16859,19.23081,18.72874,417,GALAXY,803
1.23767E+18,270.4441981,24.39841157,20.36806,19.401,19.06583,18.91326,18.83243,143,STAR,332
1.23766E+18,243.4596093,4.321557871,20.02674,19.54689,19.12787,19.04249,18.90334,221,QSO,934
1.23768E+18,44.63524672,3.063170639,25.31808,20.81494,19.02972,18.43189,17.95399,166,GALAXY,930
1.23767E+18,186.3661963,33.8429488,23.1922,22.23682,20.56438,19.54756,19.12353,456,GALAXY,329
1.23766E+18,124.1273645,38.24138894,22.18258,20.35624,19.56327,19.20953,19.07584,125,STAR,950
1.23766E+18,183.8972746,7.693968192,19.21718,17.20134,16.23444,15.78002,15.44363,127,GALAXY,556
1.23766E+18,186.5467259,7.666925971,17.8455,16.25663,15.53013,15.1297,14.86618,145,GALAXY,158
1.23766E+18,209.6198974,6.943111479,18.27416,16.32,15.41089,14.99114,14.66247,298,GALAXY,436
1.23768E+18,347.6540663,-1.825285075,25.46499,23.61704,21.84731,20.76943,19.98424,137,GALAXY,49
1.23767E+18,349.7482267,18.29671179,24.7552,19.83793,18.97273,18.68323,18.64264,134,STAR,353
1.23767E+18,343.1339189,29.62478717,21.75958,21.36788,20.68954,20.53941,19.9923,49,GALAXY,677
1.23767E+18,346.7132342,23.76660561,21.23156,19.05378,18.03956,17.67012,17.45609,93,STAR,801
1.23767E+18,347.9832671,21.40152297,19.8078,18.7437,18.24179,18.00876,17.89351,111,STAR,914
1.23767E+18,349.3137379,19.07582635,20.12043,19.48734,19.36383,19.31556,19.0461,129,QSO,590
1.23766E+18,164.2291215,52.67319859,20.1632,18.26299,17.04118,16.58678,16.23077,120,GALAXY,260
1.23766E+18,144.8889914,46.99661763,26.06642,21.75875,20.11151,19.33575,18.73141,29,GALAXY,125
1.23765E+18,222.2421555,3.429808516,24.52977,22.36972,20.45921,19.62884,19.28774,269,GALAXY,408
1.23768E+18,335.8309035,2.575892689,20.7768,20.13627,19.81709,19.5514,19.44897,168,QSO,337
1.23768E+18,350.5724017,2.83138955,21.12344,21.22907,21.12411,20.8729,20.84572,266,QSO,306
1.23768E+18,344.5880518,12.44653956,22.27257,21.61404,21.32984,21.32461,21.04798,210,QSO,218
1.23765E+18,130.3468039,1.847374759,25.70457,21.95172,20.80947,19.84112,19.60411,52,GALAXY,433
1.23768E+18,19.37185613,11.68101942,22.81359,21.24593,19.80105,19.03748,18.55877,437,GALAXY,933
1.23768E+18,25.20309637,11.22987032,23.40175,21.93437,20.29692,19.31177,18.7757,475,GALAXY,373
1.23766E+18,149.5725959,45.46422114,19.96465,18.67083,17.52877,17.11241,16.73508,161,QSO,10
1.23766E+18,152.0945096,46.29844762,24.87313,22.45773,21.07946,20.24592,19.53811,174,GALAXY,605
1.23766E+18,163.8260992,49.15985714,26.7228,22.5669,20.44396,19.37062,18.88694,230,GALAXY,947
1.23768E+18,6.832538412,22.29219664,21.83772,21.67904,21.63948,21.6811,20.95164,147,QSO,975
1.23767E+18,232.422771,21.02572042,19.81457,18.29216,17.30181,16.79302,16.46893,316,GALAXY,218
1.23765E+18,184.8339097,-2.004269886,22.36334,21.6466,21.53089,21.46142,20.81839,104,QSO,818
1.23766E+18,343.8643584,-0.230265986,23.41644,23.05205,22.15027,21.36819,21.17727,248,GALAXY,226
1.23767E+18,39.4089705,28.2861327,18.49019,17.23142,17.01336,16.94974,16.96012,123,STAR,455
1.23768E+18,1.097835741,1.554762443,24.37503,22.65736,22.1962,21.90067,21.55554,337,QSO,835
1.23766E+18,243.5885544,4.246595889,20.50992,18.85438,18.24816,17.99767,17.85274,222,STAR,632
1.23768E+18,43.68551589,3.137418031,25.7596,20.51943,20.29031,19.39918,20.00588,160,GALAXY,698
1.23768E+18,6.865936859,-7.154726112,27.22902,21.84943,20.67181,19.77106,19.79382,15,GALAXY,513
1.23765E+18,11.50539326,15.25058183,20.76827,19.01807,17.76954,17.26842,16.90605,225,GALAXY,544
1.23768E+18,331.8647524,18.99078603,24.01917,20.68846,19.00233,18.33698,17.95263,51,GALAXY,120
1.23768E+18,3.114580986,13.23511063,21.07027,20.30078,20.03976,19.96021,19.73953,330,QSO,558
1.23766E+18,234.4188514,31.23676215,20.84553,18.55561,17.53464,17.03128,16.6857,45,GALAXY,403
1.23766E+18,232.9009377,32.01260829,24.31151,22.41238,20.56911,19.63707,19.14466,35,GALAXY,399
1.23765E+18,193.8695645,-2.531345135,21.35319,20.71644,20.41322,20.43999,20.25038,273,STAR,346
1.23766E+18,253.9064188,18.66393144,21.17775,18.85413,17.59711,17.03573,16.63321,189,GALAXY,398
1.23767E+18,145.1412154,28.29247837,23.66208,23.48087,22.10035,21.73389,21.236,219,GALAXY,570
1.23768E+18,3.049543324,3.202809534,21.01768,21.01003,20.88296,20.63683,20.49519,350,QSO,456
1.23768E+18,14.70339174,3.189159826,21.06145,20.3176,20.04783,19.90143,19.91403,427,STAR,202
1.23766E+18,179.9065231,54.41283395,21.19274,21.22865,21.00375,20.95184,21.30767,183,QSO,407
1.23766E+18,181.6663413,54.43828419,21.60686,21.49624,21.45761,21.23923,21.28811,190,QSO,176
1.23766E+18,241.9543419,26.9458478,20.71997,19.00217,17.70787,17.0995,16.70292,97,GALAXY,896
1.23768E+18,9.687321898,1.508855044,22.114,21.2802,20.63103,20.20052,19.97175,394,QSO,410
1.23768E+18,356.1705293,11.93282979,25.26096,20.75404,19.07934,18.39785,18.00679,285,GALAXY,256
1.23768E+18,345.705024,2.76970987,19.58314,19.23843,18.8997,18.72596,18.46987,234,QSO,226
1.23766E+18,335.7504121,-0.337589533,23.5941,24.74442,22.85914,22.30709,22.28958,194,GALAXY,839
1.23766E+18,336.2301874,-0.383978191,19.9285,17.77395,16.57805,16.10178,15.65858,197,GALAXY,350
1.23766E+18,336.4022646,-0.417446175,20.22107,19.49033,18.86874,18.65119,18.46111,198,GALAXY,108
1.23766E+18,333.8726221,-0.293213537,22.77295,24.2466,22.06902,20.49502,19.78474,181,GALAXY,603
1.23766E+18,231.3316642,32.59887767,23.45292,20.71039,18.80981,18.17969,17.86136,25,GALAXY,517
1.23766E+18,234.9426976,30.88778359,22.75552,22.12564,20.37753,19.37603,18.86058,49,GALAXY,797
1.23766E+18,231.0390141,32.85603194,18.88262,17.11356,16.31854,15.95065,15.6636,23,GALAXY,481
1.23768E+18,319.1862169,9.493415804,19.66683,17.4443,16.52038,16.16879,15.95986,42,STAR,253
1.23767E+18,144.7926477,5.905970111,27.24852,22.01629,20.72158,19.85362,19.29826,198,GALAXY,331
1.23767E+18,145.8610616,14.78074021,22.94196,22.32549,21.54469,20.57326,20.40422,204,GALAXY,136
1.23767E+18,176.5891541,33.51802635,22.46781,22.44467,20.21867,19.11686,18.38853,401,GALAXY,719
1.23768E+18,346.8925828,-1.841838145,23.34303,22.73775,22.19749,21.83072,21.46028,132,GALAXY,13
1.23768E+18,347.2726671,-1.919714016,23.94217,22.66932,20.74722,19.60163,19.13544,134,GALAXY,853
1.23766E+18,176.1047589,7.499846889,17.62475,16.01222,15.19363,14.78527,14.47606,75,GALAXY,191
1.23766E+18,173.6980601,7.491185896,20.11101,18.36709,17.33378,16.85323,16.50491,60,GALAXY,480
1.23767E+18,64.81169724,15.38146863,18.40382,16.86565,15.87002,15.44294,15.16938,136,GALAXY,214
1.23767E+18,239.9841022,18.91234496,19.42303,19.08759,18.8076,18.66245,18.43612,81,QSO,27
1.23766E+18,228.0188263,52.05365719,24.17132,22.35211,21.10235,20.04879,19.28486,116,GALAXY,409
1.23766E+18,175.5412518,54.12807402,23.60673,22.13754,20.82954,19.89988,19.48657,166,GALAXY,142
1.23768E+18,344.1506756,18.37791435,23.13129,20.28085,19.68565,19.34912,19.2284,81,STAR,492
1.23766E+18,252.7871529,20.53972125,18.0367,17.00706,16.58839,16.40925,16.2794,176,STAR,52
1.23765E+18,152.6315191,2.417828104,19.38389,18.0979,17.30361,16.90455,16.69195,200,GALAXY,469
1.23765E+18,156.5787196,2.456176571,25.64737,22.52475,21.25472,20.09703,19.76303,227,GALAXY,651
1.23768E+18,345.8254893,19.31880176,26.84833,20.78175,19.10993,18.37626,17.89914,139,GALAXY,797
1.23768E+18,340.1328008,2.826268675,22.48677,21.94688,20.24136,19.4225,19.05854,197,GALAXY,753
1.23768E+18,0.024257885,22.28844885,21.5686,21.56959,21.04366,21.11622,20.98896,105,QSO,746
1.23767E+18,214.7750241,26.23138944,18.91452,17.82512,17.40111,17.12318,16.99686,203,GALAXY,27
1.23767E+18,199.0253755,28.8561429,19.91538,18.24513,17.30149,16.82666,16.45447,108,GALAXY,308
1.23766E+18,172.3219303,53.70625135,18.65318,17.63865,17.36274,17.18044,17.08353,153,GALAXY,299
1.23766E+18,167.9888963,58.92479907,22.92518,21.26039,20.68211,20.40689,21.3644,279,GALAXY,40
1.23766E+18,132.5834205,30.69204044,20.55308,18.12743,17.04092,16.51115,16.14464,57,GALAXY,149
1.23766E+18,144.6131762,31.13358535,23.54742,22.85954,21.97736,21.75748,21.20317,117,GALAXY,468
1.23766E+18,137.9875365,33.68955339,19.19184,18.05866,17.63484,17.35918,17.23936,94,GALAXY,217
1.23768E+18,6.289883944,13.23816913,22.53341,22.04878,21.99654,21.90789,21.26198,351,QSO,714
1.23766E+18,240.2018316,27.98621504,20.22885,18.44836,17.36108,16.84735,16.51489,85,GALAXY,445
1.23766E+18,232.1228315,32.28420657,24.30762,23.23991,21.98596,20.62745,19.85073,30,GALAXY,291
1.23768E+18,345.1456628,32.66201398,19.94372,19.74812,19.43031,19.19898,19.08165,35,QSO,372
1.23768E+18,1.678368065,34.25049934,22.72127,20.59146,20.13864,20.1251,20.10103,127,STAR,620
1.23768E+18,14.24468839,11.86218451,22.67677,21.89114,19.46894,18.24438,17.66689,403,GALAXY,60
1.23768E+18,318.8293504,8.100133271,24.1864,21.68507,19.87083,19.07428,18.59396,38,GALAXY,603
1.23768E+18,332.1745036,19.15222328,26.73432,22.68205,21.06429,20.0748,19.60625,53,GALAXY,81
1.23768E+18,345.3528987,21.23323553,27.03757,23.83266,21.75584,20.37154,19.7482,137,QSO,853
1.23768E+18,340.7136415,20.66889946,24.44211,21.53666,19.66703,18.88802,18.48259,108,GALAXY,486
1.23766E+18,178.8189832,54.2404721,21.96587,22.20772,21.63653,21.68265,21.12664,179,QSO,714
1.23766E+18,146.517409,47.69229715,20.79183,20.82639,20.94047,20.67573,20.87904,37,QSO,665
1.23767E+18,221.2437168,21.32521685,23.86601,20.87372,19.32022,18.15784,17.55449,130,STAR,319
1.23765E+18,166.6736446,-2.47546925,22.53831,22.1996,22.14672,22.14814,21.65381,92,GALAXY,262
1.23766E+18,335.6285421,-0.295779174,24.97505,21.91877,20.29906,19.30389,18.65093,193,GALAXY,439
1.23766E+18,339.0865754,-0.268632915,24.93615,22.56834,17.70674,20.52435,16.64593,216,GALAXY,233
1.23768E+18,353.7109154,32.15841721,21.1789,21.17961,20.8462,20.76621,20.69561,44,QSO,38
1.23768E+18,1.794516297,32.58467149,24.56543,23.03734,21.72902,20.45586,19.5068,90,STAR,207
1.23768E+18,10.6863996,32.54273854,21.58351,21.39388,21.35507,21.38119,22.81239,140,GALAXY,336
1.23766E+18,140.0064153,11.10897818,20.39833,18.53676,17.62152,17.22825,16.90145,154,GALAXY,439
1.23766E+18,124.6531895,28.76651475,23.34257,22.00999,21.39169,21.25998,20.7899,55,STAR,972
1.23766E+18,243.4320545,4.313187809,19.03519,17.47085,16.86022,16.63442,16.49818,221,STAR,634
1.23767E+18,147.2619669,20.43922946,21.64224,21.20132,21.04301,21.0755,20.71535,228,QSO,368
1.23767E+18,186.7435908,33.76680391,23.62589,21.31894,20.3343,19.63851,19.23729,458,GALAXY,249
1.23766E+18,115.8144913,30.14471058,20.90764,20.93948,20.69397,20.69178,20.73838,54,QSO,137
1.23766E+18,126.7540855,40.3712925,21.33127,21.22881,20.89163,20.69721,20.83441,145,QSO,650
1.23768E+18,359.0772657,20.16743593,22.68789,22.00504,20.62841,19.79869,19.49194,222,GALAXY,295
1.23767E+18,158.0626043,24.75343981,22.3086,22.24224,21.66143,21.19313,20.82713,319,GALAXY,228
1.23765E+18,200.5081031,66.57943527,18.70436,17.43732,16.98066,16.6982,16.52279,210,GALAXY,151
1.23768E+18,15.2372704,11.87162669,22.53424,21.76865,21.77098,21.59392,22.15125,410,STAR,380
1.23767E+18,45.23644306,37.2187836,21.78383,20.37756,19.9413,19.82012,19.80792,192,STAR,230
1.23767E+18,37.48922767,25.19873483,18.73422,17.16567,16.59164,16.39303,16.30259,100,STAR,204
1.23767E+18,192.9295696,29.48200425,22.89602,21.51314,20.00739,18.99796,18.4711,72,GALAXY,143
1.23768E+18,342.6837676,12.26037054,25.65464,22.00716,21.6265,21.23352,21.03616,197,STAR,170
1.23766E+18,252.9435362,20.44823702,21.10303,18.93561,17.49757,16.12978,15.35591,177,STAR,70
1.23768E+18,346.1055067,2.863849922,24.50024,22.38252,20.80032,19.70793,19.31334,237,GALAXY,233
1.23768E+18,357.1538849,2.951011897,24.12914,22.20161,20.44636,19.45984,18.89834,310,GALAXY,295
1.23768E+18,8.032881527,22.2607896,21.73293,21.44796,21.45985,21.12099,20.92815,154,GALAXY,350
1.23766E+18,226.2250465,44.80585477,18.88322,17.75448,17.29257,17.08128,16.98397,192,STAR,347
1.23766E+18,241.6159363,36.18311799,17.6526,16.13642,15.50014,15.21836,15.08972,289,STAR,72
1.23766E+18,359.9398061,26.44972815,22.50606,25.24246,22.33912,20.55424,19.72569,116,GALAXY,443
1.23765E+18,195.8158343,-2.595430939,24.9051,22.03647,20.82506,19.51676,18.85278,286,STAR,438
1.23765E+18,193.6557876,-2.490771729,19.93753,19.57091,19.37324,19.08497,19.02983,272,QSO,119
1.23766E+18,123.6115565,39.75072131,18.78938,17.55794,17.09592,16.77179,16.62396,53,GALAXY,270
1.23768E+18,5.466045007,20.36712613,23.40267,22.89448,21.25626,20.1286,19.55411,262,GALAXY,659
1.23768E+18,1.776702909,1.655605766,24.17059,21.71096,21.54629,21.40479,21.0257,341,STAR,23
1.23766E+18,131.9589688,30.40203509,23.02586,20.51286,18.73727,18.04639,17.59884,53,GALAXY,83
1.23766E+18,135.89017,32.61101565,25.09695,22.26484,20.82825,19.8241,19.21467,80,GALAXY,101
1.23766E+18,242.9402282,26.19575379,19.887,18.00208,17.03234,16.59359,16.2449,105,GALAXY,115
1.23768E+18,349.1298595,11.51073573,22.44374,19.56734,18.13024,17.57829,17.13833,239,GALAXY,202
1.23768E+18,323.6927217,8.991965048,23.24508,21.97048,20.57833,19.67176,19.26348,71,GALAXY,31
1.23766E+18,23.90528012,-1.080959921,22.41057,22.86323,22.356,21.49314,21.7374,275,GALAXY,775
1.23766E+18,5.657430228,-1.057122167,23.20474,22.42033,21.94366,21.46567,21.41541,153,GALAXY,291
1.23767E+18,220.7695146,14.16436188,23.20728,21.59484,21.31533,21.57566,21.58218,75,QSO,584
1.23765E+18,165.3857833,66.95976123,19.4892,18.301,17.75135,17.39151,17.16933,119,GALAXY,454
1.23767E+18,50.12303075,0.801508456,19.67672,17.53747,16.64016,16.31118,16.11637,789,STAR,573
1.23766E+18,178.9593107,54.25648727,21.26512,20.91888,20.892,20.82502,20.6909,179,QSO,750
1.23766E+18,148.4614585,48.24987462,24.64779,22.46405,20.89819,19.79454,19.15236,47,STAR,858
1.23768E+18,345.6761518,19.24101944,23.52668,21.83615,20.96323,20.12934,20.26159,138,GALAXY,767
1.23766E+18,358.8660692,30.59140331,25.1275,21.81919,20.8588,19.94534,19.58577,88,GALAXY,911
1.23766E+18,245.1473655,24.81550779,18.11034,16.65678,15.88098,15.45752,15.16152,121,GALAXY,117
1.23768E+18,348.4344794,11.4540489,23.92736,20.36396,18.63706,17.9697,17.53775,234,GALAXY,774
1.23768E+18,11.49699348,11.81659419,24.55819,21.60881,19.64637,18.73988,18.23557,385,GALAXY,721
1.23766E+18,119.5400738,30.39089932,22.72312,21.89826,19.87943,19.03492,18.54777,77,GALAXY,473
1.23768E+18,317.3148679,-2.184221549,21.18879,20.37081,20.18481,20.15358,19.83708,32,QSO,538
1.23768E+18,337.9030419,2.96471688,22.6362,22.05075,21.68786,21.68552,21.69305,182,QSO,352
1.23768E+18,11.58226166,11.8540901,21.2357,21.02977,20.83388,20.6012,20.43778,386,QSO,202
1.23767E+18,110.2371941,39.84236007,19.59639,17.8282,16.97516,16.56569,16.23223,186,GALAXY,571
1.23766E+18,187.5027213,42.41007993,21.50669,21.54224,21.48119,21.22079,21.24031,187,QSO,836
1.23766E+18,130.3053593,43.05897244,23.49809,20.98696,19.5255,18.07903,17.25588,170,STAR,284
1.23767E+18,341.4960493,29.89922751,15.69896,14.59311,14.32788,14.24421,14.23739,120,STAR,257
1.23766E+18,172.396373,7.433791958,22.69928,22.09579,20.66761,19.56826,19.04238,51,GALAXY,903
1.23766E+18,185.3682503,7.694805061,19.49158,17.63629,16.74449,16.32099,16.01209,137,GALAXY,156
1.23766E+18,190.4611493,7.56197523,22.81144,22.52742,20.32825,19.2512,18.74847,171,GALAXY,225
1.23768E+18,346.8700878,-1.829869223,22.40845,20.27914,18.62295,17.99376,17.56645,131,GALAXY,722
1.23768E+18,347.0576079,-1.927973901,22.78363,21.39317,19.86496,19.34949,18.87396,133,GALAXY,201
1.23768E+18,347.1338314,-1.89238242,24.58674,20.97292,19.50634,18.92499,18.61842,133,GALAXY,122
1.23767E+18,240.9900462,18.50632095,21.66093,20.86412,20.51144,20.29763,20.04826,88,STAR,840
1.23766E+18,147.9463213,48.02935427,22.02208,23.05391,21.07151,19.62725,19.05752,44,GALAXY,373
1.23766E+18,164.0161873,52.64883209,25.34081,22.16542,20.69527,19.63639,19.08047,119,GALAXY,651
1.23768E+18,13.26032535,11.91896972,22.13137,21.65583,21.56478,21.22825,20.97674,397,QSO,252
1.23768E+18,357.3920477,20.06448476,24.82368,22.76061,21.34516,20.16591,19.56667,211,GALAXY,105
1.23767E+18,158.3973912,24.77217855,22.64292,22.50205,22.00511,21.87272,21.49765,321,GALAXY,184
1.23767E+18,186.731729,25.10195753,25.43827,21.08403,19.28861,18.69727,18.40499,218,GALAXY,378
1.23767E+18,187.0937407,25.1543975,20.71196,18.6859,17.70141,17.31089,17.0296,220,GALAXY,391
1.23766E+18,340.800729,-0.291503192,22.35328,22.61955,22.05798,21.83292,21.26052,228,GALAXY,984
1.23766E+18,342.4247322,-0.349250835,26.83755,22.2999,22.28582,21.61147,22.94962,238,GALAXY,679
1.23766E+18,239.984236,28.08793504,19.10455,17.82092,17.32928,16.97721,16.82495,83,GALAXY,414
1.23766E+18,233.8882219,31.52136201,17.68997,15.94149,15.08143,14.62367,14.29829,41,GALAXY,363
1.23767E+18,243.5946033,17.29641389,20.53238,19.55679,19.28634,19.17673,19.2288,106,STAR,465
1.23766E+18,230.6660454,10.33035036,20.8865,18.87983,18.16419,17.88714,17.72318,45,STAR,802
1.23768E+18,39.69827793,2.637836125,22.05317,21.91947,21.32886,20.81042,20.38565,594,GALAXY,531
1.23768E+18,26.16334726,19.29547157,22.03009,22.8144,20.85818,19.79866,19.47318,346,GALAXY,153
1.23768E+18,354.5106955,20.25309598,22.02736,22.15086,20.23311,19.40155,18.86997,147,GALAXY,803
1.23768E+18,8.716276787,20.38773375,24.07086,22.38014,20.72262,19.43166,18.79353,236,GALAXY,881
1.23766E+18,145.747074,31.55962782,22.65039,22.68802,21.8908,21.35569,22.19069,124,GALAXY,820
1.23766E+18,234.2077777,31.2765399,20.42681,18.45641,17.48401,17.06707,16.69632,44,GALAXY,33
1.23766E+18,252.8730257,19.41662352,16.15454,14.30195,13.45793,13.03615,12.71279,181,GALAXY,174
1.23766E+18,30.64563518,-1.142145081,21.46245,20.54387,20.64488,19.21279,18.43258,320,STAR,362
1.23766E+18,339.7739124,-0.379776613,24.87718,23.058,22.22028,21.1415,19.95624,221,QSO,573
1.23766E+18,242.0342677,26.92233464,20.42562,18.49173,17.37427,16.90111,16.4172,98,GALAXY,29
1.23765E+18,183.7349336,-2.567458991,20.87098,18.33453,17.75295,17.5594,17.5209,206,GALAXY,399
1.23766E+18,235.5332742,30.61626018,23.92,22.68821,21.12696,19.95259,19.60538,53,GALAXY,891
1.23766E+18,179.4684864,54.32414142,20.32755,20.20231,20.06267,19.97901,20.07419,181,QSO,870
1.23768E+18,11.7908331,11.91302406,22.54504,21.74643,21.39597,21.14469,21.1471,387,STAR,124
1.23768E+18,19.61752235,11.64422065,21.29604,20.57502,20.43169,20.3771,20.42183,438,QSO,958
1.23768E+18,19.95963791,11.49685307,21.91576,21.65977,21.3102,21.01866,20.77148,441,QSO,350
1.23768E+18,20.28805932,11.58118929,21.65558,20.54378,20.30998,20.211,20.06029,443,QSO,261
1.23768E+18,339.9390945,20.42172683,22.17715,22.14944,21.06108,19.97582,20.1282,103,GALAXY,947
1.23768E+18,13.78169835,11.7508937,23.18134,22.47561,20.58814,19.55834,19.22106,400,GALAXY,201
1.23765E+18,193.6001507,-2.510988316,24.12964,22.90864,21.66159,21.1833,20.68521,272,STAR,414
1.23767E+18,132.624276,-1.39793743,24.52744,21.98547,20.47437,19.60489,19.19802,104,GALAXY,243
1.23766E+18,121.8631938,32.73027007,20.05276,18.33447,17.62856,17.22593,16.88189,97,GALAXY,259
1.23767E+18,336.3664933,22.49278028,23.60974,21.48542,19.716,18.87967,18.57688,60,GALAXY,543
1.23766E+18,117.337927,28.38912619,20.27449,18.39041,17.51821,17.07432,16.85168,58,GALAXY,507
1.23766E+18,241.7501889,6.622893362,24.63466,21.9404,20.9838,20.03023,21.78583,254,GALAXY,616
1.23767E+18,160.1193552,31.16376479,23.87847,22.59186,21.19928,20.13253,19.34898,307,GALAXY,769
1.23766E+18,126.4130001,39.89974192,21.92019,21.62306,21.3284,21.11678,21.03497,141,QSO,625
1.23768E+18,44.48828915,3.008231471,23.24093,23.4135,22.98413,22.44777,22.01844,165,GALAXY,157
1.23768E+18,7.061956122,-7.274035993,23.19783,22.85586,21.38603,20.16103,19.7523,16,GALAXY,154
1.23766E+18,115.6156025,49.08724121,20.82405,19.21899,18.62873,18.43655,18.44691,87,STAR,210
1.23766E+18,244.6742287,25.34657645,19.55336,18.34353,17.74331,17.36488,17.21529,117,GALAXY,148
1.23766E+18,172.2081229,7.497992063,19.96967,18.15351,17.20182,16.66667,16.26392,50,GALAXY,513
1.23766E+18,182.0481772,7.6072921,21.01261,19.41625,18.02508,17.49048,17.13962,115,GALAXY,470
1.23766E+18,202.7399994,7.224634624,22.30677,21.65311,20.72042,19.83366,19.36827,252,GALAXY,549
1.23768E+18,347.4943823,-1.839725557,25.42817,22.29348,20.67437,19.52501,19.02324,136,GALAXY,515
1.23768E+18,344.3331202,2.675199714,21.61972,21.50873,21.31867,20.99278,20.89461,225,QSO,748
1.23767E+18,255.9707517,45.34204845,24.05667,21.41545,19.64079,18.86147,18.39714,14,GALAXY,232
1.23767E+18,237.2727912,20.21127657,19.39344,19.3609,19.0712,19.06577,19.14094,62,QSO,120
1.23766E+18,213.7098047,56.97325332,19.90453,18.36363,17.56587,17.10055,16.79482,52,GALAXY,432
1.23767E+18,206.6727234,27.98447852,18.91508,17.70307,17.18829,16.90742,16.73602,153,GALAXY,29
1.23767E+18,345.7140151,25.67327413,18.47566,17.31879,16.81042,16.59652,16.49559,79,STAR,988
1.23765E+18,7.920700151,15.20349751,22.94501,22.6326,20.86606,19.64455,19.09916,202,GALAXY,247
1.23768E+18,17.6075582,30.43289749,24.3801,19.65418,18.01773,17.41869,17.04237,332,GALAXY,463
1.23768E+18,10.87169053,20.45908574,26.02025,23.40227,21.36553,20.20363,19.43541,250,GALAXY,159
1.23767E+18,211.2360329,27.00787232,19.07693,18.07678,17.46506,17.30033,16.90555,181,GALAXY,235
1.23767E+18,121.0720763,43.09265342,26.32042,23.71269,21.96794,20.57235,19.82078,244,STAR,344
1.23766E+18,175.1630695,54.17131963,19.47248,18.41926,17.88866,17.58638,17.38805,164,GALAXY,24
1.23766E+18,145.5093114,47.19257665,21.11854,19.71263,18.27595,17.71584,17.36162,32,GALAXY,562
1.23766E+18,138.6764142,50.20119424,24.08766,20.69863,18.96515,18.16602,17.65947,153,GALAXY,236
1.23767E+18,241.5568906,18.39913143,20.38623,19.40151,19.07713,18.92959,18.85932,91,STAR,456
1.23768E+18,8.979315263,1.551228976,21.89614,22.08183,21.64033,21.40055,21.6133,389,QSO,70
1.23768E+18,340.2951868,18.57890202,26.86662,22.7437,21.38826,19.90621,19.53214,103,GALAXY,389
1.23767E+18,118.947924,13.21164424,24.63466,21.33602,20.41781,19.4244,22.8269,30,STAR,671
1.23767E+18,267.578978,25.42781499,18.52971,17.57927,17.29726,17.19972,17.12515,125,STAR,589
1.23766E+18,117.3905232,28.34196233,20.37351,17.71268,16.43666,15.86673,15.60221,58,STAR,508
1.23766E+18,116.6459971,27.56086591,18.95453,17.31941,16.45584,16.06454,15.73799,51,GALAXY,169
1.23766E+18,118.9097685,29.96143127,22.27678,21.37665,20.08349,19.14804,18.3705,72,STAR,181
1.23767E+18,330.3757654,21.24113123,25.62583,24.89984,21.78113,20.59637,19.84414,22,STAR,683
1.23767E+18,338.334092,22.87123265,24.99568,21.96577,20.3043,19.45691,18.92925,73,GALAXY,265
1.23767E+18,337.3726918,22.69742293,24.00931,20.97756,19.30005,18.59288,18.26798,67,GALAXY,94
1.23766E+18,197.1061995,47.53859745,18.65721,17.4115,16.96343,16.64636,16.48072,93,GALAXY,600
1.23767E+18,38.03785196,25.73904639,19.95566,19.86529,20.14185,20.37165,20.56779,105,STAR,478
1.23768E+18,329.6485648,18.56471128,23.27169,21.53852,19.79155,18.95802,18.3782,37,GALAXY,841
1.23767E+18,44.9638286,0.629330118,19.78907,19.3839,19.42823,19.17646,19.00586,755,QSO,3
1.23766E+18,143.7651058,46.5432053,23.25049,21.44066,19.84343,18.53288,17.7955,23,STAR,140
1.23766E+18,125.5692705,3.708146924,23.93977,22.16478,20.4459,19.57548,19.11088,76,GALAXY,639
1.23766E+18,249.1700656,22.27573554,17.42618,16.23312,15.68441,15.4577,15.31596,151,STAR,386
1.23768E+18,13.58667172,11.80855934,19.93316,18.93743,18.64711,18.5089,18.49414,399,STAR,202
1.23766E+18,236.7464862,43.21244086,25.40508,23.01279,22.54697,20.98303,19.97295,74,GALAXY,401
1.23766E+18,129.6511236,28.97371214,20.62735,18.5828,17.6145,17.17449,16.82819,37,GALAXY,292
1.23766E+18,141.6359932,35.44165515,24.68357,21.18513,19.59787,18.66559,18.13165,117,GALAXY,821
1.23766E+18,137.7379122,33.59119821,21.66236,19.61026,18.12907,17.57738,17.2073,92,GALAXY,388
1.23767E+18,172.4818067,28.10162143,20.10875,19.28106,18.99067,18.84174,18.81342,408,STAR,456
1.23766E+18,341.4395087,-0.271693793,21.90152,23.33696,21.31207,20.20925,19.34572,232,GALAXY,925
1.23768E+18,334.7233707,19.66542394,22.10732,22.67747,21.03613,19.91906,19.35793,70,GALAXY,843
1.23768E+18,44.42023813,3.120953989,23.58547,23.11111,22.95522,22.39829,22.27241,165,GALAXY,859
1.23767E+18,111.7318419,40.23407341,19.7495,18.36312,17.75174,17.37406,17.1735,194,GALAXY,353
1.23767E+18,145.0156567,14.64617571,24.57541,23.05795,22.56074,21.68651,21.38066,199,GALAXY,310
1.23767E+18,148.8000205,15.17623917,24.75793,22.82009,22.00439,21.40827,20.67824,224,GALAXY,987
1.23767E+18,162.106452,23.38981576,20.78325,19.24884,18.76233,18.67414,18.66841,323,STAR,485
1.23767E+18,55.82943158,9.76439658,17.79224,16.47265,15.8497,15.59104,15.46414,67,GALAXY,287
1.23766E+18,176.1099489,7.519158137,19.15322,17.40477,16.56933,16.18327,15.86993,76,GALAXY,192
1.23768E+18,347.4358731,-1.927542136,23.07327,22.8177,22.52201,21.75478,21.60663,135,GALAXY,82
1.23768E+18,332.4915991,2.372108455,21.34994,20.65676,20.4133,20.42165,19.97792,146,QSO,938
1.23766E+18,136.300716,43.19776543,22.38152,21.75458,20.45486,19.58765,19.42102,200,GALAXY,597
1.23765E+18,10.23779517,15.23262444,25.0697,22.95254,21.57458,20.238,19.56203,216,GALAXY,289
1.23768E+18,9.369267639,30.90616819,21.7879,20.88168,20.16316,19.44708,18.91866,284,GALAXY,77
1.23768E+18,41.5022562,2.197404897,22.68279,22.82815,22.1316,21.3951,20.25259,606,GALAXY,159
1.23767E+18,245.2185537,16.53206412,17.8392,16.37211,15.77146,15.53484,15.43384,118,STAR,31
1.23767E+18,241.7479309,18.19342891,22.52737,20.82577,20.55621,20.57063,20.57477,93,QSO,967
1.23765E+18,136.7377152,2.026072191,22.33495,21.63192,20.42965,19.4622,19.19823,94,GALAXY,717
1.23765E+18,148.2288592,2.27389275,24.48979,21.94994,20.21229,19.29263,18.9295,171,GALAXY,111
1.23766E+18,210.9702662,7.284771011,21.59263,19.96155,19.76283,19.61687,19.61996,306,QSO,876
1.23768E+18,1.233125754,3.113910391,23.75024,23.59737,21.81096,20.71843,19.84077,338,GALAXY,325
1.23768E+18,12.9119806,20.40018332,22.30182,23.36954,21.6517,20.3097,19.54237,262,GALAXY,771
1.23768E+18,1.012157017,22.24281096,22.45625,21.66058,20.93964,20.71198,20.38653,111,QSO,946
1.23766E+18,222.6250168,46.36820423,20.96132,20.42684,20.44285,20.44101,20.0644,172,QSO,660
1.23766E+18,248.3295063,30.84764719,17.07193,15.87022,15.92564,16.01737,16.12298,341,STAR,554
1.23766E+18,178.0055204,54.35217633,25.8564,20.20281,18.60081,18.0662,17.65138,175,GALAXY,328
1.23766E+18,152.4444773,49.79436433,20.46521,18.44064,17.43671,17.01919,16.72827,67,GALAXY,259
1.23768E+18,5.157545033,1.557600283,21.80241,21.98185,21.81434,21.98702,21.70134,364,GALAXY,389
1.23766E+18,242.4938938,26.62768336,19.78914,18.57324,17.68739,17.21096,16.92389,101,GALAXY,506
1.23766E+18,341.1431651,-0.238146565,22.70333,23.20024,22.55569,21.53555,21.63737,230,GALAXY,758
1.23765E+18,160.6189654,-2.333594229,22.59683,21.60192,21.32291,21.22657,20.63597,52,QSO,494
1.24E+18,12.92938617,32.33682731,24.07974,22.81233,21.53308,20.07915,19.33478,153,STAR,771
1.23765E+18,220.541672,3.504427352,22.17455,20.95544,19.154,18.56757,18.14644,257,GALAXY,260
1.23766E+18,117.4075299,28.46955856,23.44058,21.58248,20.77647,19.79219,19.3232,59,GALAXY,111
1.23766E+18,128.1386725,37.74985256,23.3101,23.31003,21.77994,20.59361,19.9317,145,GALAXY,657
1.23765E+18,8.674995149,15.26542035,24.74482,21.70812,20.09466,19.29785,18.95789,206,GALAXY,521
1.23765E+18,11.64196357,15.13334115,25.04193,21.09026,19.40504,18.65962,18.40835,226,GALAXY,646
1.23768E+18,330.3478086,18.66845377,22.00684,19.7575,18.08282,17.47485,17.04412,41,GALAXY,448
1.23768E+18,338.8251242,20.31308946,25.77657,22.0131,19.70604,18.90019,18.50384,96,GALAXY,682
1.23766E+18,230.6618233,32.88194746,19.79626,17.90151,16.97682,16.5626,16.25712,21,GALAXY,473
1.23766E+18,236.8858097,29.80984091,22.95636,21.40913,19.44208,18.80987,18.38607,62,GALAXY,714
1.23766E+18,240.7588668,27.6821453,23.12895,22.29799,20.74722,19.71751,19.60816,89,GALAXY,629
1.23768E+18,7.018052141,3.139375749,20.7071,20.71549,20.47168,20.53314,20.3744,376,QSO,204
1.23766E+18,180.2715814,54.37128719,21.35781,21.43006,21.4652,21.17571,20.97536,184,QSO,869
1.23768E+18,345.9342794,19.39516115,23.35641,23.47911,22.33974,20.93611,19.95428,139,STAR,913
1.23768E+18,346.1591128,19.38148004,25.56561,22.27993,20.4328,19.41451,19.14022,141,GALAXY,877
1.23766E+18,124.9113423,3.60560002,21.21527,19.1933,17.81679,17.25167,16.9147,72,GALAXY,544
1.23766E+18,333.6233049,-0.261318577,20.36732,18.75646,17.93465,17.46332,17.17014,180,GALAXY,154
1.23766E+18,235.2817201,30.63908034,18.77856,17.78171,17.25331,16.89709,16.71871,51,GALAXY,559
1.23768E+18,4.415516339,2.731849391,24.421,23.04365,22.1851,20.8722,19.84476,359,STAR,949
1.23765E+18,2.545855043,16.20721641,23.03257,21.69658,21.35206,21.26832,21.00491,319,STAR,660
1.23767E+18,186.4681562,33.76340574,23.22562,21.81247,19.98678,19.02708,18.54597,456,GALAXY,336
1.23766E+18,125.1545908,39.14583192,21.31796,21.52921,21.47432,21.64456,21.22232,133,QSO,158
1.23766E+18,136.6156766,46.88411622,23.54985,21.93556,20.62413,19.76846,19.32183,209,STAR,16
1.23768E+18,44.77496976,3.033605209,25.55171,22.60861,21.9222,21.2825,21.09681,167,GALAXY,77
1.23768E+18,6.901153887,-7.270439003,23.17834,22.39237,20.86407,19.90259,19.41556,15,GALAXY,357
1.23767E+18,155.3332084,24.2331575,20.02376,18.21052,17.34462,16.98326,16.67117,302,GALAXY,311
1.23767E+18,347.3157633,22.60080168,20.14183,18.61432,18.06047,17.79877,17.67731,102,STAR,67
1.23767E+18,348.721342,20.34481194,21.14637,21.03542,21.04259,20.73015,20.17324,119,QSO,59
1.23768E+18,347.37033,-1.77591339,22.67201,22.4939,20.77944,19.69574,19.05277,135,GALAXY,885
1.23768E+18,347.9337122,-1.885394825,26.31597,22.08424,20.5084,19.57474,19.08396,139,GALAXY,961
1.23766E+18,232.0727115,36.80611815,20.87825,18.67451,17.42077,16.92174,16.57434,40,GALAXY,328
1.23768E+18,337.8597943,2.61767954,21.75798,21.64022,21.44066,21.41939,21.20748,182,QSO,868
1.23766E+18,181.2447717,48.15360213,24.1388,22.90424,20.77509,19.77558,19.164,22,GALAXY,619
1.23768E+18,346.0908895,18.73785535,21.33736,21.17463,20.70295,20.49075,20.37183,94,QSO,970
1.23766E+18,253.5251547,19.90121907,20.50251,20.38689,20.5101,20.23351,19.77493,182,QSO,516
1.23765E+18,157.1798632,2.575070394,24.36931,22.25992,20.58162,19.64009,19.39276,231,GALAXY,771
1.23766E+18,160.1130363,58.20802274,22.04384,22.65378,21.36127,21.92991,20.66948,67,GALAXY,482
1.23767E+18,227.6010133,22.60780922,24.92173,22.5934,20.64527,19.65189,19.10732,284,GALAXY,705
1.23767E+18,246.4227998,15.0938866,24.33904,22.60577,20.85472,19.8651,19.28115,413,GALAXY,311
1.23767E+18,246.6071175,15.83435008,20.3714,19.71808,19.78199,19.59819,19.31529,128,QSO,736
1.23766E+18,167.1981243,53.12742197,23.22683,21.08331,19.39895,18.72276,18.35836,132,GALAXY,336
1.23768E+18,343.344414,18.92172661,23.59474,22.25401,20.8581,19.64968,19.09012,123,GALAXY,779
1.23768E+18,5.471629007,20.37554026,20.14651,18.33393,17.16945,16.66585,16.28489,262,GALAXY,83
1.23766E+18,186.618391,7.601292619,25.61658,22.47779,20.88224,19.78274,19.1789,145,GALAXY,473
1.23766E+18,193.6189959,7.507198126,21.98274,21.26715,20.26191,19.43713,19.05828,191,GALAXY,631
1.23767E+18,137.157362,1.281485284,21.37677,20.85643,19.47012,18.80847,18.15905,139,GALAXY,901
1.23767E+18,139.4774108,2.77760141,25.30639,21.46068,19.79035,19.14713,18.76157,157,GALAXY,636
1.23767E+18,267.6932749,25.38246421,21.43812,20.14254,19.53728,19.27723,19.11268,125,STAR,40
1.23766E+18,195.4973521,51.63154825,23.92653,22.8672,21.38509,20.37984,19.71321,18,GALAXY,537
1.23766E+18,137.2771057,33.35773564,21.32821,21.1129,19.40331,18.65184,18.21766,89,QSO,470
1.23768E+18,17.87474783,11.72356412,22.02962,21.37774,21.52691,21.45392,20.66333,427,QSO,616
1.23765E+18,0.765104129,16.07217174,22.23368,21.01206,20.82415,20.71186,21.39563,307,QSO,774
1.23766E+18,142.6268996,46.43712178,25.66283,21.77463,19.96837,19.10381,18.61791,237,GALAXY,409
1.23768E+18,334.4654685,19.45012303,24.37361,22.09721,21.83834,20.69851,20.00554,68,GALAXY,309
1.23766E+18,229.0995471,33.59728527,23.75069,21.99351,20.17637,19.34346,18.9495,11,GALAXY,363
1.23766E+18,242.2140838,26.67696821,20.87729,18.76425,17.78004,17.34813,16.98622,100,GALAXY,492
1.23766E+18,234.2351626,31.38003161,18.19745,17.45096,17.44417,17.13761,17.17349,44,GALAXY,39
1.23766E+18,239.9212763,32.31535081,25.24516,23.35708,21.85874,20.64295,19.91601,93,GALAXY,331
1.23766E+18,251.6244633,23.67059028,24.28798,22.14161,20.63878,19.7451,19.46992,183,GALAXY,49
1.23766E+18,198.6357523,47.48150985,19.41343,18.10314,17.2207,16.82667,16.56812,100,GALAXY,369
1.23766E+18,341.4270635,-0.300409371,24.29844,22.4648,23.31068,21.24419,21.29505,232,GALAXY,211
1.23766E+18,336.5886431,-0.318687585,24.27057,23.81297,22.55536,21.64221,21.00736,199,GALAXY,559
1.23766E+18,242.812995,26.44358432,21.73645,19.55492,18.18609,17.56153,17.15256,103,GALAXY,16
1.23766E+18,251.1511683,20.83912663,26.09708,22.24267,20.72617,19.86853,19.37134,167,GALAXY,933
1.23766E+18,240.8052105,27.54454284,25.36574,23.36245,21.45449,20.25379,19.69437,89,GALAXY,673
1.23768E+18,340.2944593,2.978576101,21.40275,20.97737,20.65042,20.27353,20.35916,198,QSO,388
1.23767E+18,49.00233812,0.776087747,19.79976,19.57151,19.25637,19.25803,19.24107,782,QSO,370
1.23767E+18,54.60060416,0.723046296,21.12883,19.21606,18.36427,18.03948,17.83467,819,STAR,629
1.23768E+18,337.8802182,10.70251316,20.88028,20.35484,20.22589,20.1885,20.10583,165,STAR,834
1.23768E+18,336.8212104,20.00306265,20.9141,19.14798,17.9501,17.36467,16.98469,83,GALAXY,364
1.23766E+18,180.4471251,54.38982613,20.69097,20.47799,20.40364,20.14629,20.38779,185,QSO,904
1.23766E+18,343.646489,-0.222470257,24.06766,22.24935,22.05469,21.86549,21.53495,247,QSO,553
1.23765E+18,157.5427794,-2.279944343,22.35657,21.61548,21.30782,21.10127,20.75449,31,STAR,346
1.23768E+18,345.2485289,21.14124234,21.29664,21.62465,20.64943,19.7228,19.29835,136,GALAXY,841
1.23766E+18,231.9079338,32.42544128,18.74233,17.32225,16.58658,16.16731,15.88391,29,GALAXY,321
1.23766E+18,184.4518167,8.067493753,18.60691,17.68143,17.39201,17.25983,17.2394,131,STAR,290
1.23766E+18,140.7211872,11.12455062,22.60748,22.97143,20.93591,19.74663,19.04502,159,GALAXY,847
1.23766E+18,138.2899539,10.63140888,22.91794,21.2749,19.36657,18.32722,17.85378,142,GALAXY,199
1.23766E+18,242.9715288,4.297497345,20.5387,19.51838,19.01233,18.79996,18.75912,218,STAR,550
1.23765E+18,248.8788411,46.73461647,25.24271,23.23753,21.80505,20.61723,19.7079,53,STAR,317
1.23767E+18,192.7797699,33.49490158,23.14626,21.68863,20.3815,19.51406,19.1481,491,GALAXY,671
1.23766E+18,124.763347,38.57009087,20.65432,19.59618,19.31709,19.24862,19.23204,129,STAR,455
1.23768E+18,343.1580719,20.84851535,22.80926,22.9774,21.88842,20.83235,20.04866,123,GALAXY,275
1.23767E+18,165.8614701,23.12327707,24.82666,23.42054,21.99698,19.27248,17.78524,345,STAR,54
1.23768E+18,347.6075609,-1.77299797,25.61312,22.56552,21.03066,19.86605,19.45112,136,GALAXY,926
1.23767E+18,43.7001619,35.32699043,19.96591,18.87198,18.49202,18.42624,18.26836,176,STAR,545
1.23767E+18,245.7298756,16.22025728,18.54832,17.38483,17.426,17.51274,17.60172,122,STAR,631
1.23767E+18,233.358654,21.88861748,17.55606,16.61885,16.30482,16.17072,16.12515,35,STAR,519
1.23766E+18,177.1918161,54.29514465,23.44774,22.63062,21.60319,20.60859,19.79493,172,GALAXY,163
1.23768E+18,326.5155684,25.38764268,26.14014,21.72769,20.05961,19.23387,18.68349,31,GALAXY,423
1.24E+18,132.0773851,1.730151481,25.94716,22.4047,20.8565,20.14149,19.72376,63,QSO,151
1.23765E+18,132.453251,1.891184716,24.45454,22.28928,20.24395,19.38915,19,66,GALAXY,719
1.23767E+18,345.6557695,25.66246215,20.64839,20.21793,19.84444,19.56109,19.59421,79,QSO,540
1.23768E+18,346.4835375,18.79301071,22.48767,21.99513,21.62564,21.48671,21.33626,96,QSO,1000
1.23767E+18,190.9420713,29.50503015,22.55977,21.9176,20.58169,19.75363,19.09446,60,GALAXY,61
1.23767E+18,246.0513976,14.80389829,20.08243,19.39367,19.00927,18.91319,18.94623,412,STAR,481
1.23768E+18,44.29794238,3.0408513,23.72037,23.08137,21.08154,20.12907,19.58271,164,GALAXY,845
1.23766E+18,145.5315315,31.34517427,22.40533,22.70392,22.45128,21.74148,21.55868,122,GALAXY,278
1.23766E+18,143.4760556,36.19831117,23.45192,23.06638,21.07832,19.96474,19.23532,128,GALAXY,407
1.23768E+18,355.0567616,33.81650412,22.67229,21.26253,24.80203,20.52622,20.30793,91,STAR,58
1.23768E+18,345.2619199,11.26638475,20.66489,18.38569,17.18793,16.66664,16.26104,214,GALAXY,18
1.23768E+18,23.8677088,11.41123575,20.17848,18.00212,16.80449,16.27914,15.87265,466,GALAXY,123
1.23768E+18,324.2317263,2.250811549,25.73058,25.49526,22.04667,20.7219,19.77997,91,QSO,753
1.23766E+18,253.6110746,19.87210205,22.83902,21.8614,21.76487,21.70684,21.86705,183,GALAXY,34
1.23766E+18,341.4217321,-0.323513156,24.7381,22.28948,23.00157,22.20786,23.30528,232,GALAXY,204
1.23766E+18,241.9498342,27.06222443,25.08284,22.02078,20.81946,19.9622,20.11484,97,GALAXY,449
1.23765E+18,171.0043061,-2.504963382,24.36143,22.13308,20.32206,19.73505,19.60954,121,GALAXY,263
1.23766E+18,235.1762334,30.84737295,21.76441,18.75163,17.46848,16.95076,16.61065,50,GALAXY,840
1.23768E+18,338.2194658,20.20104428,21.71838,21.44621,19.8336,18.84159,18.26011,92,GALAXY,81
1.23766E+18,124.4919446,3.555019732,24.82746,22.08577,20.90002,19.65545,19.19375,69,GALAXY,869
1.23767E+18,186.1305628,34.49674409,24.52489,23.14146,21.72433,20.10796,19.37324,107,GALAXY,533
1.23765E+18,188.0678225,-2.527148714,22.06262,21.17185,20.85371,20.58048,20.2219,235,STAR,34
1.23768E+18,22.15137757,11.37107076,22.91242,21.49958,19.74121,18.92239,18.41485,455,GALAXY,31
1.23766E+18,218.8967968,46.9531367,22.80826,24.02805,22.34076,20.93561,19.66891,124,GALAXY,599
1.23766E+18,336.7024348,-0.396212783,24.64993,23.00067,21.75958,20.6268,20.13564,200,GALAXY,184
1.23766E+18,244.7534345,25.2816548,25.24306,23.02055,20.93152,19.89974,19.44247,117,GALAXY,27
